,Location name,Chapter,Picture,Pleiades ID (pleiades.stoa.org/ ),y/lat,x/lng,Source (type),Source specified,Date - text,Date - precise,Date - post quem,Date - ante quem,Ceased to exist,Other literature in text,Notes,Coded by,Notes 2
ÄÃ­slo - z knihy! (no.),,ÄÃ­slo kapitoly,mÃ¡ lokalita obrÃ¡zek?,"KdyÅ¾ neexistuje, nebo nenÃ­ jednoznaÄnÃ©, tak ""-""",s desetinou teÄkou,,"literary, papyrus, inscription, archaeological",,"datum ve formÄ› uvedenÃ© v textu KdyÅ¾ neexistuje, tak ""-""",,dobrovolnÃ© poloÅ¾ky (celÃ© ÄÃ­sla),,,,,,
1,Caesarea,2,No,678401,32.4991,34.8941,literary,"Josephus, B. J. 2.285â€“92",ca. 65/66 c.e.,,65,66,,,,Mertel,
2,Cana,2,No,678082,32.754211,36.6182,literary,John 2:6,ca. 90â€“100 c.e.,,90,100,,"Brown, Moloney and Thyen, Comm., ad loc. Deines, SteingefÃ¤sse, 245â€“75, Olsson, Structure and Meaning, 26â€“27, 47â€“53, 105â€“7; Runesson, Water and Worship",,Mertel,
3,Cana,2,Yes,678082,32.754211,36.6182,archaeological,-,Late first to second century c.e.,,76,200,,"Edwards, â€œKhirbet Qanaâ€; idem â€œRecent Work in Galileeâ€; Rech et al., â€œDirect dating of plaster and mortarâ€; Richardson, Building Jewish, 55â€“71; 91â€“107; idem, â€œKhirbet Qana,â€ 136â€“140, 144.",,BernÃ¡t,
4,Capernaum,2,no,-,32.881111,35.575,literary,Mark 1:21â€“29,Ca. 70 c.e.,,65,74,,"Pesch, Guelich, and Marcus, Comm., ad loc. Binder, Temple Courts, 155; Runesson, â€œIdentity Formation.â€",coordinates from wiki,BernÃ¡t,
5,Capernaum,2,no,-,32.881111,35.575,literary,Luke 4:31â€“38,80â€“90 c.e.,,80,90,,"Fitzmyer, SchÃ¼rmann and Bovon, Comm., ad loc. Binder, Temple Courts, 155; Levine, Ancient Synagogue, 51; ClauÃŸen, Versammlung, 71, 121, 168; Runesson, Origins, 185, 217; idem â€œIdentity Formation.â€",coordinates from wiki,BernÃ¡t,
6,Capernaum,2,no,-,32.881111,35.575,literary,Luke 7:1â€“5,80â€“90 c.e.,,80,90,,"Fitzmyer, SchÃ¼rmann and Bovon, Comm., ad loc. Binder, Temple Courts, 93â€“6; Levine, Ancient Synagogue, 51â€“2; Runesson, Origins, 185, 219, 354; idem, â€œIdentity Formationâ€; Riesner, â€œSynagoguesâ€, 203â€“4.",coordinates from wiki,BernÃ¡t,
7,Capernaum,2,no,-,32.881111,35.575,literary,John 6:59,90â€“100 c.e.,,90,100,,"Brown, Moloney and Thyen, Comm., ad loc. Borgen, Bread from Heaven, 28â€“98; Olsson, In synagogues, 220â€“22. Binder, Temple Courts, 155; Runesson, Origins, 185, 192, 360, 385",coordinates from wiki,BernÃ¡t,
8,Capernaum,2,yes,-,32.881111,35.575,archaeological,-,First century c.e.,,1,100,,"Kohl and Watzinger, Antike Synagogen, 4â€“40; Corbo, â€œSinagoga del primo secoloâ€; Loffeda, â€œCeramicaâ€; idem, â€œLate Chronologyâ€; idem, Capharnaum, 32â€“49; Foerster, â€œRecent Excavationsâ€; Avi-Yonah, â€œSome Commentsâ€; Bloedhorn, â€œCapitalsâ€; Binder, Temple Courts, 186â€“193; Zvi Uri Maoz, â€œGalilean Synagoguesâ€; idem, â€œRadical Solutionâ€; Strange, â€œArchaeologyâ€; Levine, Ancient Synagogue, 71; Runesson, â€œIdentity Formation.â€, Jodi Magnes, James F. Strange, and Eric M.
Meyers in Avery-Peck and Jacob Neusner (eds.) Ancient Synagogue (2001).",coordinates from wiki,BernÃ¡t,
9,Chorazin,2,No,678091,32.907983,35.566986,archaeological,-,Possibly first or second century c.e.,,1,200,,"Chiat, Handbook, 97â€“98; Binder, Temple Courts, 198; Levine, Ancient Synagogue, 72.",,BernÃ¡t,
10,Gamla,2,Yes,897769,32.902778,35.740556,archaeological,-,Second half of the first century b.c.e.,,-50,0,,"Gutman, Eight Seasons of Excavations; Gutman, â€œGamlaâ€ (NEAEHL 2.459â€“63); Gutman and Raphel, City in Rebellion; Chiat, Handbook, 282â€“84; D. Syon, â€œPortrait of a Rebellionâ€; Binder, Temple Courts, 162â€“172; Runesson, Origins, 175â€“78, 357â€“58; Levine, Ancient Synagogue, 54â€“55.",coordinates from wiki,BernÃ¡t,
11,Herodion,2,yes,687916,31.66583,35.241707,archaeological,-,first century b.c.e.,,-100,0,,"Corbo, Herodion; Foerster, â€œMasada and Herodionâ€, idem, â€œHerodiumâ€ in NEAEHL 2.618â€“21; Chiat, Handbook, 204â€“7; Netzer, â€œHerodian Tricliniaâ€; Binder, Temple Courts, 180â€“85; Runesson, Origins, 177â€“78, 357â€“62; Levine, Ancient Synagogue, 63.",,BernÃ¡t,
12,Horvat Etri,2,yes,-,31.649472,34.972007,archaeological,-,Late first or early second century c.e.,,76,125,,"Zissu and Ganor, â€œHorvat Etriâ€; Maoz â€œNotesâ€; Levine, Ancient Synagogue, 74.",,BernÃ¡t,
13,Idumea,2,no,687927,30.2524092,35.16655,literary,"Josephus, A. J. 14.374",Antiquitates Judaicae was published 93/94,,-,94,,"Dion, lâ€™Ã‰gypt hellÃ©nistique,â€ 53; Bilde, â€œSynagoge,â€ 25; Binder, Temple Courts, 156â€“57; Runesson, Origins, 462â€“63; ClauÃŸen, Versammlung, 119â€“20; Levine, Ancient Synagogue, 46, n. 4.","region, approximate coordinates of center from google maps ",BernÃ¡t,
14,Idumea,2,yes,687927,30.2524092,35.16655,literary,Josephus B. J. 1.277â€“78,second half of the first century b.c.e.,,-50,0,,"Dion, lâ€™Ã‰gypt hellÃ©nistique,â€ 53; Bilde, â€œSynagoge,â€ 25; Binder, Temple Courts, 156â€“57; Runesson, Origins, 462â€“63; ClauÃŸen, Versammlung, 119â€“20; Levine, Ancient Synagogue, 46, n. 4.","region, approximate coordinates of center from google maps ",BernÃ¡t,
15,Jericho,2,Yes,687917,31.870065,35.443881,archaeological,-,First century b.c.e.,,1,100,,"Netzer, â€œHasmonean Periodâ€; idem â€œExist or Not?â€; idem, Hasmonean and Herodian Palaces, 159â€“92; Maoz, â€œNever Existedâ€; Binder, Temple, Courts, xiii; Runesson, Origins, 181â€“82, 359â€“60; idem, â€œ1st Century Synagogueâ€; Strange, â€œArchaeologyâ€; Levine, â€œCritical Reassessmentsâ€ 87â€“89; idem, Ancient, Synagogue",,VaÅˆkovÃ¡,
16,Jerusalem,2,No,687928,31.776679,35.234156,literary,John 9:22â€“23,Ca. 90â€“100 c.e.,,90,100,,"Brown, Moloney and Thyen, Comm., ad loc. Horst, Birkat ha-minim; Olsson, In synagogues, 218â€“19. Binder, Temple Courts, 75â€“78; Levine, Ancient Synagogue, 193; Runesson, Origins, 376; Stegemann, Synagoge und Obrigkeit, 139â€“42; Horst, Birkat ha-minim; Olsson, In synagogues, 218â€“19.",,VaÅˆkovÃ¡,
17,Jerusalem,2,No,687928,31.776679,35.234156,literary,John 12:42â€“43,Ca. 90â€“100 c.e.,,90,100,,"Brown, Moloney and Thyen, Comm., ad loc. Binder, Temple Courts, 75â€“78; Levine, Ancient Synagogue, 193; Runesson, Origins, 376; Stegemann, Synagoge und Obrigkeit, 139â€“42; Horst, Birkat ha-minim; Levine, Synagogues, 440â€“60; Olsson, In synagogues, 213â€“17.",,VaÅˆkovÃ¡,
18,Jerusalem,2,No,687928,31.776679,35.234156,literary,Acts 6:9â€“10,Ca. 90â€“110 c.e.,,90,110,,"Barrett, Fitzmyer and Jervell, Comm., ad loc. Binder, Temple Courts, 78â€“81, 157â€“58; Levine, Ancient Synagogue, 52â€“54; ClauÃŸen, Versammlung, 72â€“75, 93â€“95; Runesson, Origins, 157â€“58, 228â€“29, 354; Riesner, â€œSynagogues,â€ 204â€“6.",,VaÅˆkovÃ¡,
19,Jerusalem,2,No,687928,31.776679,35.234156,literary,Acts 24:12,Ca. 90â€“110 c.e.,,90,110,,"Barrett, Fitzmyer and Jervell, Comm., ad loc. Binder, Temple Courts, 158â€“59; ClauÃŸen, Versammlung, 95; Riesner, â€œSynagogues,â€ 204.",,VaÅˆkovÃ¡,
20,Jerusalem,2,No,687928,31.776679,35.234156,literary,Acts 26:9â€“11,Ca. 90â€“110 c.e.,,90,110,,"Barrett, Fitzmyer and Jervell, Comm., ad loc. Binder, Temple Courts, 158â€“59; 445â€“46; Stegemann, Synagoge und Obrikeit, 97â€“112, 114â€“18.",,VaÅˆkovÃ¡,
21,Jerusalem,2,No,687928,31.776679,35.234156,literary,"Agatharchides ap. Josephus, C. Ap. 1.209â€“11.",middle of the 90s c.e.,,82,87,,"Stern, GLAJJ, 1.104â€“8; Whittaker, Jews and Christians, 67â€“68; Cohen, â€œPagan and Christian Evidence,â€ 162â€“63; Bilde, â€œSynagoge,â€ 26â€“27; Binder, Temple Courts, 159; Runesson, Origins, 346â€“47, 354, 377; Levine, Ancient Synagogue, 28.",,VaÅˆkovÃ¡,
22,Jerusalem,2,No,687928,31.776679,35.234156,literary,"Apion, History of Egypt ap. Josephus, C. Ap. 2.10â€“12",middle of the 90s c.e,,82,87,,"Stern, GLAJJ, 1.389â€“90, 392â€“95; Cohen, â€œPagans and Christian Evidence,â€ 162â€“63; Whittaker, Jews and Christians, 54; Binder, Temple Courts, 160; Bilde, â€œSynagoge,â€ 24; Runesson, Origins, 79, 431; ClauÃŸen, Versammlung, 117.",,VaÅˆkovÃ¡,
23,Jerusalem,2,No,687928,31.776679,35.234156,literary,m. Yoma 7:1,Ca. 200 c.e.,,195,204,,"Hoenig, â€œTemple-Synagogueâ€; SchÃ¼rer, HJP 2.438; Fine, This Holy Place, 50; Runesson, Origins, 207â€“12; 364â€“65; Levine, Ancient Synagogue, 415â€“27, 437â€“39; cf. Binder, Temple Courts, 368â€“70; Rajak and Noy, â€œArchisynagogoi.â€",,VaÅˆkovÃ¡,
24,Jerusalem,2,No,687928,31.776679,35.234156,literary,m. Sotah 7:7,Ca. 200 c.e.,,195,204,,"Hoenig, â€œTemple-Synagogueâ€; SchÃ¼rer, HJP 2.438; Fine, This Holy Place, 50; Runesson, Origins, 207â€“12; 364â€“65; Levine, Ancient Synagogue, 415â€“27, 437â€“39; cf. Binder, Temple Courts, 368â€“70; Rajak and Noy, â€œArchisynagogoi.â€",,VaÅˆkovÃ¡,
25,Jerusalem,2,No,687928,31.776679,35.234156,literary,m. Sotah 7:8,Ca. 200 c.e.,,195,204,,"Hoenig, â€œTemple-Synagogueâ€; SchÃ¼rer, HJP 2.438; Fine, This Holy Place, 50; Runesson, Origins, 207â€“12; 364â€“65; Levine, Ancient Synagogue, 415â€“27, 437â€“39; cf. Binder, Temple Courts, 368â€“70; Rajak and Noy, â€œArchisynagogoi.â€",,VaÅˆkovÃ¡,
26,Jerusalem,2,No,687928,31.776679,35.234156,inscription,CIJ 2.1404 (SEG 8.170),Before 70 c.e.,,-,70,,"Weill, La citÃ© de David, 98â€“100, 186â€“90, pl. XXVA; Reinach, â€œLâ€™inscription,â€ 46â€“56; Clermont-Gannaeu, â€œDÃ©couverte,â€ 190â€“97, pl. XVIIIA; Vincent, â€œDÃ©couverte,â€ 247â€“77; FitzGerald, â€œTheodotos,â€ 175â€“81; Holleau, â€œUne inscription,â€ 1â€“57; Deissman, Light, 439â€“41, Ã€g. 80; Sukenik, Ancient Synagogues, 69â€“72, pl. XVIa; Schwabe, â€œGreek Inscriptions,â€ 362â€“65; DF, 70â€“71 (no. 79); SchÃ¼rer, HJP 2.425; HÃ¼ttenmeister, Synagogen in Israel, 192â€“95; Roth-Gerson, Greek Inscriptions, 76â€“86; Myers, â€œSynagogue,â€ 252; Kee, â€œTransformation,â€ 8; idem, â€œEarly Christianity,â€ 5â€“6; idem, â€œChanging Meaning,â€ 283; idem, â€œDeÃ€ning,â€ 499; Flesher, â€œPalestinian Synagogues,â€ 33â€“34; White Social Origins, 2.294â€“95 (no. 62); Riesner, â€œSynagogues,â€ 192â€“200; Reich, â€œThe Synagogue,â€ 291â€“92; Fine, This Holy Place, 30; Atkinson, â€œFurther DeÃ€ning,â€ 491â€“502; Strange, â€œAncient Texts,â€ 29; Binder, Temple Courts, 104â€“9, 157; van der Horst, â€œAncient Synagogue,â€ 18â€“43; Runesson, Origins, 226â€“31; ClauÃŸen, Versammlung, 186â€“91; Kloppenborg Verbin, â€œTheodotos,â€ 243â€“80; Levine, Ancient Synagogue, 57â€“59; Martin, â€œInterpreting,â€ 160â€“81.",,VaÅˆkovÃ¡,
27,Magdala,2,No,678272,32.81449,35.520579,archaeological,-,First century b.c.e./Ã€rst century c.e.,,-100,100,,"Corbo, â€œArchaeologici a Magdalaâ€; idem, â€œCitta romanaâ€; Netzer, â€œSpringhouseâ€; Binder, Temple Courts, 193â€“96; Runesson, Origins, 175, n. 18; Levine, Ancient Synagogue, 71â€“72.",,VaÅˆkovÃ¡,
28,Masada,2,Yes,687968,31.326736,35.345608,archaeological,-,First century c.e.,,1,100,,"Yadin, â€œSynagogue at Masadaâ€; idem, â€œMasadaâ€ in NEAEHL 3.793â€“816; Cohen, â€œMasadaâ€; Foerster, â€œMasada and Herodionâ€; Netzer, Masada III; Chiat, Handbook, 248â€“251; Fine, This Holy Place, 30â€“31; Binder, Temple Courts, 172â€“79; Runesson; Origins, 357â€“58; Levine, Ancient Synagogue, 61â€“62.",,VaÅˆkovÃ¡,
29,Modi'in,2,Yes,687977,31.930204,35.000146,archaeological,-,Hasmonean period/second half of the Ã€rst century b.c.e.,,-140,0,,"Onn et al., â€œKhirbet Umm el-{Umdanâ€; Weksler-Bdolah et al., â€œHasmonean Villageâ€ 72â€“76; Levine, Ancient Synagogue, 70; Strange, â€œArchaeology.â€","Nejsem si jistÃ¡,  Å¾e znaÄka v knÃ­Å¾ce u nÃ¡zvu je obyÄejnÃ½ apostrof, ale snad jo. (ostatnÃ­ zdroje majÃ­ uveden apostrof)",VaÅˆkovÃ¡,
30,Nabratein (Nevoraya),2,Yes,-,32.991892,35.516739,archaeological,-,Mid-second century c.e.,,145,174,,"Kohl and Watzinger, Antike Synagogen, 101â€“6; Meyers, Strange, and Meyers, â€œSecond Preliminary Reportâ€; Meyers and Meyers, â€œReal Lost Arkâ€; Meyers, â€œNabrateinâ€; Meyers, â€œTorah Shrineâ€; Meyers and Meyers, Ancient Nabratein; Chiat, Handbook, 41â€“45; Hachlili, Land of Israel, 398â€“99; Runesson, Origins, 204, 358, 361.",,VaÅˆkovÃ¡,
31,Nazareth,2,no,678299,32.70102,35.300148,literary,Mark 6:1â€“6,Ca. 70 c.e.,,65,74,,"As a general reference to commentaries see Pesch, Guelich, and
 Marcus, Comm., ad loc. Binder, Temple Courts, 155; Runesson, Origins, 214â€“20.",,BicÃ¡k,
32,Nazareth,2,no,678299,32.70103,35.300149,literary,Matt 13:53â€“58,Ca. 80â€“90 c.e.,,80,90,,"As a general reference to commentaries, see Bonnard, Luz
 and Hagner, Comm., ad loc. Binder, Temple Courts, 155; Runesson, Origins,
 355â€“57.",,BicÃ¡k,
33,Nazareth,2,no,678299,32.70104,35.30015,literary,Luke 4:16â€“30,Ca. 80â€“90 c.e.,,80,90,,"As a general reference to commentaries, see Fitzmyer, SchÃ¼rmann
 and Bovon, Comm., ad loc. Binder, Temple Courts, 368â€“70, 400â€“402; Levine, Ancient
 Synagogue, 46â€“48; ClauÃŸen, Versammlung, 215â€“16; Runesson, Origins, 214â€“20;
 Riesner, â€œSynagogues,â€ 202â€“3; Stegemann, Synagoge und Obrigkeit, 215.",,BicÃ¡k,
34,Qatzion,2,no,-,-,-,"archaeological, inscription",-,"Between 196 and 198 c.e., probably 197 c.e.",,196,198,,"Kohl and Watzinger, Antiken Synagogen, 160â€“61; Chiat, Handbook;
 62â€“63; Hachlili, Land of Israel, 212, 396â€“97; Foerster, Galilean Synagogues, 103â€“5;
 Fine, â€œLate Antique Palestineâ€; Runesson, Origins, 175, n. 18; Levine, Ancient
 Synagogue, 84.",,BicÃ¡k,
35,Qiryat Sefer,2,yes,-,31.93055,35.04166,archaeological,-,Early first century c.e.,,1,25,,"Magen, â€œKiryat Sefer,â€ 25â€“32; Binder, Temple Courts, 197;
 Runesson, Origins, 358â€“61; Levine, Ancient Synagogue, 69.",coord. as Modi'in Illit source: wiki,BicÃ¡k,
36,Qumran,2,no,688011,31.74177,35.45939,literary,CD 11.22â€“12.1,"While some parts of the document may be older, most scholars date
 the nal composition of the text to ca. 100 b.c.e.",,-105,-96,,"Kosmala, HebrÃ¤er, 353â€“54; Steudel, â€œHouse of Prostrationâ€; Falk,
 Prayers, 243â€“45; Binder, Temple Courts, 455; Runesson, Origins, 334â€“35; Levine,
 Ancient Synagogue, 64â€“65.",,BicÃ¡k,
37,Qumran,2,no,688012,31.74178,35.4594,literary,"CD 20.2, 10â€“13","While some parts of the document may be older, most scholars date
 the nal composition of the text to ca. 100 b.c.e.",,-105,-96,,"Binder, Temple Courts, 455â€“56; Runesson, Origin, 335.",,BicÃ¡k,
38,Qumran,2,no,688013,31.74179,35.45941,literary,1QM 3.3â€“4,"1QM is a composite document; the parts were combined by the middle
 of the rst century b.c.e.",,-74,-25,,"Kosmala, HebrÃ¤er, 351â€“63; Binder, Temple Courts, 454â€“55;
 Runesson, Origins, 335.",,BicÃ¡k,
39,Qumran,2,no,688014,31.7418,35.45942,literary,"Josephus, B. J. 2.128â€“32",De bello Judaico consists of seven books and was published in the late 70s.,,77,80,,"Binder, Temple Courts, 461â€“63; Runesson, Origins, 181; Levine,
 Ancient Synagogue, 65.",,BicÃ¡k,
40,Qumran,2,no,688015,31.74181,35.45943,literary,"Philo, Prob. 80â€“83",Ca. 10â€“30 c.e.,,10,-30,,"Radice and Runia, Bibliography 1937â€“1986; Runia, Bibliography
 1987â€“1996; Vermes and Goodman, Essenes, 19â€“22; Fine, This Holy Place, 31;
 Binder, Temple Courts, 103, 453â€“54; Runesson, Origins, 172, 333â€“34, 354;
 Levine, Ancient Synagogue, 65â€“66.
 Comments: The essay â€œEvery good",,BicÃ¡k,
41,Qumran,2,yes,688016,31.74182,35.45944,archaeological,-,First century b.c.e.,,-99,-1,,"Steudel, â€œHouse of Prostrationâ€; Binder, Temple Courts, 459â€“68;
 Runesson, Origins, 179â€“81, 357â€“61; Klinghardt, â€œManual of Disciplineâ€;
 Weinfeld, Organizational Pattern; Levine, Ancient Synagogue, 61â€“66. For general
 description of the buildings and occupational phases at Qumran, see Magness,
 Qumran, esp. 47â€“72, 113â€“33; Roitman, Shrine of the Book, 16â€“42.",,BicÃ¡k,
42,Shuafat,2,no,-,31.81389,35.23434,archaeological,-,Early first century b.c.e.,,-99,-75,,"Rabinovich, â€œJewish Prayer Roomâ€; Riesner, â€œSynagoguesâ€; Onn
 and Rafyunu, â€œJerusalem: Khirbeth a-ras,â€ 61; Binder, Temple Courts, 196â€“97;
 Runesson, Origins, 175, n. 18; Levine, Ancient Synagogue, 72.",coord. Google maps,BicÃ¡k,
43,Tiberias,2,no,678431,32.77545,35.54201,literary,"Josephus, Vita 276â€“81, 294â€“95",Josephi vita was published in the middle of the 90s c.e.,,93,97,,"Binder, Temple Courts, 344â€“48, 404â€“15; Bilde, â€œSynagoge,â€ 23â€“24;
 McKay, Sabbath; Runesson, Origins, 58, 190, 347â€“48, n. 355; Levine, Ancient
 Synagogue, 52â€“54, 162â€“69, 427.",,BicÃ¡k,
44,Tiberias,2,no,678431,32.77546,35.54202,literary,m. â€˜Erub. 10:10,Ca. 200 c.e.,,196,204,,"Levine, Ancient Synagogue, 458.",,BicÃ¡k,
90,Athens,3,No,579885,37.970793,23.719537,literary,Acts 17:16â€“17,ca. 90â€“110 c.e.,,90,110,,"Barrett, Fitzmyer and Jervell, Comm., ad loc. Binder, Temple Courts, 295, 380â€“88; Levine, Ancient Synagogue, 109â€“11; Stegemann, Synagoge und Obrigkeit, 161â€“63; Wander, GottefÃ¼rchtige, 228â€“34; Levinskaya, Book of Acts, 51â€“125, 158â€“62; Koch, God-fearers, 80â€“82",,PospÃ­Å¡il,
112,Priene,3,Yes,599905,37.66,27.298333,archaeological,-,Second or third century c.e,,101,300,,"Wiegand and Schrader, Priene, 480â€“81; Sukenik, Ancient Synagogues, 42â€“43; Kraabel, â€œDiaspora Synagogue,â€ 489â€“91; A. Kraabel, â€œJudaism in Western Asia Minor,â€ 20â€“25; Foertser, â€œDiaspora Synagogue,â€ 165â€“166; White, Social Origins, 2.325â€“32; Hachlili, Ancient Jewish Art, 56â€“58; Runesson, Origins, 175â€“76; Levine, Ancient ynagogue, 266â€“67.",,PospÃ­Å¡il,
89,Aegina,3,Yes,579844,37.7409397,23.430141,archaeological,-,Late second century c.e.,,175,200,,"Krauss, Synagogale AltertÃ¼mer, 243; Sukenik, Ancient Synagogues,
44â€“45; Mazur, Jewry in Greece, 26â€“27, 29; Foerster, â€œDiaspora Synagogues,â€
166â€“67; Hachlili, Diaspora, 25, 30; White, Social Origins, 2.356â€“59; Levine,
Ancient Synagogue, 268; Williams, The Jews, 41, 45.",,PospÃ­Å¡il,
91,Corinth,3,No,570182,37.906033,22.879189,literary,Acts 18:4â€“8,Ca. 90â€“110 c.e.,,90,110,,"Barrett, Fitzmyer and Jervell, Comm., ad loc. Binder, Temple Courts, 295â€“97; Levine, Ancient Synagogue, 108â€“9; ClauÃŸen, Versammlung, 261â€“62; Runesson, Origins, 219; Levinskaya, Book of Acts, 162â€“66.",,PospÃ­Å¡il,
92,Corinth,3,No,570182,37.906033,22.879189,literary,Acts 18:17,Ca. 90â€“110 c.e.,,90,110,,"Barrett, Fitzmyer and Jervell, Comm., ad loc",,PospÃ­Å¡il,
93,Delos,3,No,599587,37.397274,25.268194,literary,"Josephus, A.J. 14.213â€“16",first century b.c.e.,,1,100,,"McLean, â€œThe Place of Cult,â€ 192â€“95; Shanks, Judaism in Stone, 43â€“44; Binder, Temple Courts, 297â€“317; Levine, Ancient Synagogue, 100â€“105; Runesson, Origins, 175, 185â€“87; Williams, The Jews, 12, 60â€“61; White, â€œDelos,â€ White, Social Origins, 332â€“42; Eilers, Jewish Privileges, ch. 9.",,PospÃ­Å¡il,
94,Delos,3,No,599587,37.397274,25.268194,inscription,"IJO 1, Ach60 (CIJ 1.727; ID 2331)",First to second century c.e.,,1,200,,"Plassart, â€œLa synagogue juive,â€ 205â€“6 (no. 4); Lifshitz, DF, 15 (no. 4); Krauss, Synagogale AltertÃ¼mer, 244 (no. 97); Bruneau, Recherches sur les cultes de Delos, 484; SchÃ¼rer, HJP, 3.1.70; White, â€œThe Delos Synagogue Revisited,â€ 139â€“40; idem, Social Origins, 2.338â€“39 (no. 3); Binder, Temple Courts, 303, n. 137; Levine, Ancient Synagogue, 109 (no. 1).",,PospÃ­Å¡il,
95,Delos,3,No,599587,37.397274,25.268194,inscription,"IJO 1, Ach61 (CIJ 1.730; ID 2332)",First to second century c.e.,,1,200,,"Plassart, â€œLa synagogue juive,â€ 206 (no. 5); Lifshitz, DF, 16 (no. 7); Krauss, Synagogale AltertÃ¼mer, 244 (no. 97); Bruneau, Recherches sur les cultes de Delos, 484; SchÃ¼rer, HJP, 3.1.70; White, â€œThe Delos Synagogue Revisited,â€ 139â€“40; idem, Social Origins, 2.338â€“39 (no. 4); Binder, Temple Courts, 303, n. 137; Levine, Ancient Synagogue, 109 (no. 4); Brooten, Women Leaders, 157 (no. 2).",,PospÃ­Å¡il,
96,Delos,3,No,599587,37.397274,25.268194,inscription,"IJO 1, Ach62 (CIJ 1.728; ID 2330)",First century b.c.e.,,1,100,,"Plassart, â€œLa synagogue juive,â€ 205 (no. 3); Lifshitz, DF, 15 (no. 5); Krauss, Synagogale AltertÃ¼mer, 244 (no. 97); Bruneau, Recherches sur les cultes de Delos, 484; SchÃ¼rer, HJP, 3.1.70; White, â€œThe Delos Synagogue Revisited,â€ 139â€“40; idem, Social Origins, 2.338â€“39 (no. 2); Binder, Temple Courts, 303, n. 137; Levine, Ancient Synagogue, 109 (no. 2); Brooten, Women Leaders, 157 (no. 1).",,PospÃ­Å¡il,
97,Delos,3,No,599587,37.397274,25.268194,inscription,"IJO 1, Ach63 (CIJ 1.729; ID 2328)",First century b.c.e.,,1,100,,"Plassart, â€œLa synagogue juive,â€ 205 (no. 1); Lifshitz, DF, 15 (no. 6); Krauss, Synagogale AltertÃ¼mer, 244 (no. 97); Bruneau, Recherches sur les cultes de Delos, 484; SchÃ¼rer, HJP, 3.1.70; White, â€œThe Delos Synagogue Revisited,â€ 139â€“40; idem, Social Origins, 2.338â€“39 (no. 1); Binder, Temple Courts, 303, n. 137; Levine, Ancient Synagogue, 109 (no. 3).",,PospÃ­Å¡il,
98,Delos,3,No,599587,37.397274,25.268194,inscription,"IJO 1, Ach64 (CIJ 1.731; ID 2333)",First to second century c.e.,,1,200,,"Plassart, â€œLa synagogue juive,â€ 205 (no. 6); Lifshitz, DF, 16 (no. 8); Krauss, Synagogale AltertÃ¼mer, 244 (no. 97); Bruneau, Recherches sur les cultes de Delos, 484; SchÃ¼rer, HJP, 3.1.70; Binder, Temple Courts, 303, n. 137, 445, n. 134; Levine, Ancient Synagogue, 109, n. 154.",,PospÃ­Å¡il,
99,Delos,3,No,599587,37.397274,25.268194,inscription,"IJO 1, Ach65 (CIJ 1.726; ID 2329)",First century b.c.e.,,-100,-1,,"Plassart, â€œLa synagogue juive,â€ 205 (no. 1); Mazur, Studies on Jewry, 21; Lifshitz, DF, 15 (no. 3); Krauss, Synagogale AltertÃ¼mer, 244 (no. 97); Goodenough, JSGRP, 2.72â€“74; Bruneau, Recherches sur les cultes de Delos, 484; SchÃ¼rer, HJP, 3.1.70; White, â€œThe Delos Synagogue Revisited,â€ 139â€“40; idem, Social Origins, 2.338â€“39 (no. 5); McLean, â€œThe Place of Cult,â€  92â€“94; Binder, Temple Courts, 303â€“4; Levine, Ancient Synagogue, 109.",,PospÃ­Å¡il,
100,Delos,3,No,599587,37.397274,25.268194,inscription,"IJO 1, Ach66 (SEG 32.810)",Between 250â€“175 b.c.e.,,-250,-175,,"Bruneau, â€œÂ«Les IsraÃ©lites de DÃ©losÂ»,â€ 471â€“75 (no. 2); Kraabel, â€œNew Evidence,â€ 331â€“34; White, â€œThe Delos Synagogue Revisited,â€ 141â€“47; idem, Social Origins, 2.341â€“42 (no. 71b); Pummer, â€œInscriptions,â€ 190â€“94; McLean, â€œThe Place of Cult,â€ 191â€“94; Binder, Temple Courts, 305, 472â€“74; Levine, Ancient Synagogue, 110â€“11; Llewelyn, New Documents, 148â€“51 (no. b); SchÃ¼rer, HJP, 3.1.71.",,PospÃ­Å¡il,
101,Delos,3,No,599587,37.397274,25.268194,inscription,"IJO 1, Ach67 (SEG 32.809)",Between 150â€“50 b.c.e.,,-150,-50,,"Bruneau, â€œÂ«Les IsraÃ©lites de DÃ©losÂ»,â€ 469â€“71 (no. 2); Kraabel, â€œNew Evidence,â€ 331â€“34; White, â€œThe Delos Synagogue Revisited,â€ 141â€“47; idem, Social Origins, 2.340â€“41 (no. 71a); Pummer, â€œInscriptions,â€ 190â€“94; McLean, â€œThe Place of Cult,â€ 191â€“94; Binder, Temple Courts, 305, 472â€“74; Levine, Ancient Synagogue, 110â€“11; Llewelyn, New Documents, 148â€“51 (no. a); SchÃ¼rer, HJP, 3.1.71.",,PospÃ­Å¡il,
102,Delos,3,Yes,599587,37.397274,25.268194,archaeological,-,Second century b.c.e,,101,200,,"Plassart, â€œLa synagogueâ€; Mazur, Studies; Bruneau, Recherches, 465â€“504; idem, Guide de Delos; Sukenik, Ancient Synagogues, 37â€“40; Kraabel, â€œDiaspora Synagogue,â€ 491â€“94; McLean, â€œPlace of Cult,â€ 192â€“95; Binder, Temple Courts, 297â€“317; Levine, Ancient Synagogue, 107â€“13; Runesson, Origins, 185â€“87; Williams, The Jews, 12, 60â€“61; White, â€œDelos Synagogueâ€; White, Social Origins, 2.332â€“42; TrÃ¼mper, â€œOldest Original Synagogue Building.â€",,PospÃ­Å¡il,
103,Acmonia,3,No,609293,38.658747,29.775001,inscription,IJO 2.168 (CIJ 2.766; DF 33; MAMA 6.264),Second half of the rst century c.e.,,51,100,,"Reinach, â€œChronique,â€ 225â€“26 (no. 13); Ramsey, Cities, 1.2 (no. 559), 2.638â€“40, 647â€“51; idem, â€œDeux joursâ€, 272; idem, â€œNouvelles remarques,â€ 270; Krauss, Synagogale AltertÃ¼mer, 25; IGRR 4.655; Robert, â€œInscriptions,â€ 41; SchÃ¼rer, HJP, 3.1.31; Brooten, Women Leaders, 144, 158; Trebilco, Jewish Communities, 58â€“60; White, Social Origins, 2.307â€“10 (no. 65); Fine, Sacred Realm, 51; Feldman, â€œDiaspora Synagogues,â€ 582; Binder, Temple Courts, 145â€“47, 286â€“88, 349â€“51; Levine, Ancient Synagogue, 118â€“20; Williams, The Jews, 168; ClauÃŸen, Versammlung, 102â€“3, 140â€“41.",,PospÃ­Å¡il,
104,Ephesos,3,No,599612,37.939581,27.340892,literary,"Philo, Legat. 315",Ca. 41â€“45 c.e.,,41,45,,"Radice and Runia, Bibliography 1937â€“1986; Runia, Bibliography 1987â€“1996; Smallwood, Legatio, 309â€“10.",,PospÃ­Å¡il,
105,Ephesos,3,No,599612,37.939581,27.340892,literary,Acts 18:19â€“21,Ca. 90â€“110 c.e.,,90,110,,"Barrett, Fitzmyer and Jervell, Comm., ad loc. Binder, Temple Courts, 279â€“82; ClauÃŸen, Versammlung, 101; Levinskaya, Book of Acts, 143â€“48; Trebilco, Ephesus, 110, 140â€“43.",,PospÃ­Å¡il,
106,Ephesos,3,No,599612,37.939581,27.340892,literary,Acts 18:24â€“26,Ca. 90â€“110 c.e.,,90,110,,"Barrett, Fitzmyer and Jervell, Comm., ad loc. Binder, Temple Courts, 279â€“82; Levine, Ancient Synagogue, 110â€“11; ClauÃŸen, Versammlung, 101; Runesson, Origins, 191â€“92; Levinskaya, Book of Acts, 143â€“48; Trebilco, Ephesus, 110â€“25. Comments: This passage joins several others in",,PospÃ­Å¡il,
107,Ephesos,3,No,599612,37.939581,27.340892,literary,Acts 19:8â€“9,Ca. 90â€“110 c.e.,,90,110,,"Barrett, Fitzmyer and Jervell, Comm., ad loc. Binder, Temple Courts, 279â€“82; ClauÃŸen, Versammlung, 101; Levinskaya, Book of Acts, 143â€“48; Trebilco, Ephesus, 140â€“43.",,PospÃ­Å¡il,
108,Ephesos,3,No,599612,37.939581,27.340892,literary,"Josephus, A.J. 14.225â€“27",The decree quoted by Josephus was issued in 43 b.c.e.; Antiquitates Judaicae was published in 93/94 c.e.,,-,-43,,"Binder, Temple Courts, 276â€“78; Barclay, Diaspora, 417â€“23.",,PospÃ­Å¡il,
109,Ephesos,3,No,599612,37.939581,27.340892,literary,"Josephus, A.J. 14.256â€“58",The decree quoted by Josephus dates to the rst century b.c.e.; Antiquitates Judaicae was published in 93/94 c.e.,,-100,-76,,"Trebilco, Jewish Communities, 13; Binder, Temple Courts, 285â€“86; Bilde, â€œSynagoge,â€ 22; Levine, Ancient Synagogue, 114, 330â€“34; Runesson, â€œWater and Worship,â€ 119â€“23; ClauÃŸen, Versammlung, 219â€“21; Catto, â€œ â€˜Build Places of Prayerâ€™?â€",,PospÃ­Å¡il,
110,Miletus,3,No,599799,37.5292362,27.2774885,literary,Josephus A.J. 14.244â€“46.,"The letter quoted by Josephus dates to the rst century b.c.e., no earlier than 46 b.c.e.; Antiquitates Judaicae was published in 93/94 c.e.",,-46,-,,"Trebilco, Jewish Communities, 56; A. von Gerkan, â€œEine Synaoge in Milet,â€ ZNW 20 (1921); Sukenik, Ancient Synagogues, 40â€“42; A. Kraabel, â€œArchaeological and Epigraphic Evidence Since Sukenik,â€ 488â€“89; Hachlili, Ancient Jewish Art, 51; Binder, Temple Courts, 276â€“79; Williams, The Jews, 115; Levinskaya, Book of Acts, 63â€“65, 148â€“49.",,PospÃ­Å¡il,
111,Philadelphia,3,No,550822,38.35,28.516667,literary,Rev 3:7â€“13,Ca. 90â€“95 c.e.,,90,95,,"Bousset, Ford and Aune, Comm., ad loc. Stegemann, Synagoge und Obrigkeit, 142â€“44, 255â€“57. Olsson, â€œIn synagogues,â€ 207â€“8.",,PospÃ­Å¡il,
113,Sardis,3,No,550867,38.488314,28.040286,literary,"Josephus, A.J. 14.259â€“61",The decree by the council and people of Sardis probably dates to the late second century b.c.e. 7 ; Antiquitates Judaicae was published in 93/94 c.e,,-150,-101,,"Sanders, Judaism, 133â€“34; Binder, Temple Courts, 135â€“40; Bilde, â€œSynagoge,â€ 28â€“29; Runesson, Origins, 463â€“66; Leonhardt, â€œOpfer in der JÃ¼dischen Synagoge on Sardes?â€ 189â€“203; ClauÃŸen, Versammlung, 243â€“46. Levine, Ancient Synagogue, 113â€“15, 139â€“40, 141, n. 33.",,PospÃ­Å¡il,
114,Sardis,3,No,550867,38.488314,28.040286,literary,"Josephus, A.J. 14.235",The decree by Lucius Antonius was issued in 49 b.c.e.; Antiquitates Judaicae was published in 93/94 c.e.,,-,-49,,"KÃ¶ster, â€œ&  â€; Binder, Temple Courts, 135â€“40; Bilde, â€œSynagoge,â€ 28; ClauÃŸen, Versammlung, 243â€“46. Levine, Ancient Synagogue, 113â€“15, 139â€“40, 395.",,PospÃ­Å¡il,
115,Smyrna,3,No,550893,38.41905,27.1383,literary,Rev 2:8â€“11,Ca. 90â€“95 c.e.,,90,95,,"Bousset, Ford and Aune, Comm., ad loc. Stegemann, Synagoge und Obrigkeit, 142â€“44, 255â€“57. Olsson, â€œIn synagogues,â€ 206â€“7.",,PospÃ­Å¡il,
116,Synnada,3,No,609538,38.53251,30.546059,inscription,"IJO 2.214 (CIJ 2.759, MAMA 4.90)",First to second century c.e.,,1,200,,"Horsley, New Documents, 4.217; Trebilco, Jewish Communities, 216 n. 53.",,Koubek,
117,Thyatira,3,No,550924,38.898515,27.849235,inscription,IJO 2.146 (CIJ 2.752),Early second century c.e.,,101,125,,"CIG 3509; IGRR 4.1281; Krauss, Synagogale AltertÃ¼mer, 25â€“26, 231 (no. 61); CPJ 3, 46â€“51; van der Horst, Ancient Jewish Epitaphs, 150â€“51; SchÃ¼rer, HJP 3.1.19; Safrai, Jewish People, 151; Trebilco, Jewish Communities, 198, n. 65, 245â€“46, n. 79; Levine, Ancient Synagogue, 115, n. 180; Edwards, Religion, 133; Williams, The Jews, 175.",,Koubek,
118,General,3,No,-,-,-,literary,"Philo, Legat. 311",Ca. 41â€“45 c.e,,41,45,,"Radice and Runia, Bibliography 1937â€“1986; Runia, Bibliography 1987â€“1996; Smallwood, Legatio, 308â€“9.","PravdÄ›podobnÄ› se jednÃ¡ o synagogy u kterÃ½ch nenÃ­ jistÃ©, kde vlastnÄ› stÃ¡ly",Koubek,
119,Generel,3,No,-,-,-,literary,"Josephus, A.J. 16:42â€“43",Nicolas of Damascusâ€™ speech before Marcus Agrippa is dated to 14 b.c.e.; Antiquitates Judaicae was published in 93/94 c.e.,,-,-14,,"Binder, Temple Courts, 399â€“404; Runesson, Origins, 191, n. 91, 213â€“32; Levine, Ancient Synagogue, 146â€“58.",viz. 118,Koubek,
120,General,3,No,-,-,-,literary,"Josephus, A.J. 16:162â€“65",Augustusâ€™ decree dates to 2â€“3 c.e. Antiquitates Judaicae was published in 93/94 c.e.,,2,3,,"Binder, Temple Courts, 147â€“49; Bilde, â€œSynagoge,â€ 27â€“28; ClauÃŸen, Versammlung, 141â€“42; Levine, Ancient Synagogue, 115.",viz. 118,Koubek,
121,Gorgippia,3,No,825265,44.8959745,37.3098052,inscription,"IJO 1, BS20 (CIJ 1.690, CIRB 1123)",October/November 41 c.e.,41,-,-,,"IPE 2.400; SEG 16.439, 19.503; SchÃ¼rer, â€œDie Juden im bosporanischen Reiche,â€ 204â€“6; idem, HJP 2.440 n. 61, 3.1.37; Krauss, Synagogale AltertÃ¼mer, 240 (no. 84); Goodenough, â€œThe Bosporus Inscriptions,â€ 222â€“24; Lifshitz, Prolegomenon, 67; Horsley, New Documents, 1.27; Levinskya, The Book of Acts, 108â€“9, 222, 239â€“40 (no. 3.II.7); Williams, The Jews, no. V.53; Gibson, Jewish Manumission Inscriptions, 99â€“100, 107, 109â€“19, 121â€“22, 132, 166; Binder, Temple Courts, 274â€“75; Levine, Ancient Synagogue, 122.",,Koubek,
122,Gorgippia,3,No,825265,44.8959745,37.3098052,inscription,"IJO 1, BS24 (CIRB 1127)",First to second century c.e.,,1,200,,"SchÃ¼rer, HJP 3.1.37; Levinskya, The Book of Acts, 241â€“42 (no. 3.II.9); Gibson, Jewish Manumission Inscriptions, 114 n. 16, 118, 133 n. 17, 147, 170.",,Koubek,
123,Olbia,3,No,511337,40.76445,29.923486,inscription,"IJO 1, BS1 (CIJ 1.682)",Late second to early third century c.e.,,176,225,,"CIG 2.2079; SEG 3.590; IPE 1.98; Krauss, Synagogale AltertÃ¼mer, 240â€“41 (no. 85); SchÃ¼rer, HJP 2.440 n. 61, 3.1.38; Lifshitz, DF, no. 11; idem, Prolegomenon, 64; Levinskya, The Book of Acts, 114 n. 39, 219â€“22; Gibson, Jewish Manumission Inscriptions, 24 n. 44.",,Koubek,
124,Panticapaeum,3,No,-,45.350833,36.468611,inscription,"IJO 1, BS5 (CIJ 1.683, CIRB 70)","January/February, 81 c.e.",81,-,-,,"CIG 2.2114bb; IPE 2.52; SchÃ¼rer, â€œDie Juden im bosporanischen Reiche,â€ 201â€“3; idem, HJP 3.1.36â€“37; Krauss, Synagogale AltertÃ¼mer, 239â€“40 (no. 82); Goodenough, â€œThe Bosporus Inscriptions,â€ 221â€“2; Lifshitz, Prolegomenon, 64; Levinskya, The Book of Acts, 222, 231â€“32 (no. 3.II.1); Williams, The Jews, no. II.14; Gibson, Jewish Manumission Inscriptions, 1, 28 n. 65, 100, 124, 126, 128â€“40, 143, 149â€“50, 160; Overman, â€œJews, Slaves and the Synagogue,â€ 143â€“57; Binder, Temple Courts, 443 n. 126; Levine, Ancient Synagogue, 123 n. 219.",coordinates from wiki,Koubek,
125,Panticapaeum,3,No,-,45.350833,36.468611,inscription,"IJO 1, BS6 (CIJ 1.684, CIRB 73)",Late rst to early second century c.e. (?),,76,125,,"CIG 2.2114b; IPE 2.53; SchÃ¼rer, â€œDie Juden im bosporanischen Reiche,â€ 203; idem, HJP 3.1.37; Lifshitz, Prolegomenon, 66; Levinskya, The Book of Acts, 234â€“36 (no. 3.II.4); Gibson, Jewish Manumission Inscriptions, 104 n. 17, 127â€“35, 146â€“47, 162; Overman, â€œJews, Slaves and the Synagogue,â€ 143â€“57; Binder, Temple Courts, 443 n. 126.",coordinates from wiki,Koubek,
126,Panticapaeum,3,No,-,45.350833,36.468611,inscription,"IJO 1, BS7 (CIJ 1.683a, CIRB 71)",First century c.e.,,1,100,,"SchÃ¼rer, HJP 3.1.37, 166; Lifshitz, â€œNotes,â€ 95â€“96; idem, Prolegome-non, 65â€“66; Bellen, â€œDie Aussage,â€ 171â€“76; Tribilco, Jewish Communities, 155â€“56; Levinskya, The Book of Acts, 74â€“76, 232â€“34 (no. 3.II.2); idem, Review, 517â€“20; Gibson, Jewish Manumission Inscriptions, 28 n. 5, 117â€“18, 126, 128â€“35, 139â€“44, 156, 161; Overman, â€œJews, Slaves and the Synagogue,â€ 143â€“57; Binder, Temple Courts, 385â€“86, 441, 444; Levine, Ancient Synagogue, 123â€“24",coordinates from wiki,Koubek,
127,Panticapaeum,3,No,-,45.350833,36.468611,inscription,"IJO 1, BS9 (CIJ 1.683b, CIRB 72)",First to second century c.e.,,1,200,,"SchÃ¼rer, HJP 3.1.37, 166; Lifshitz, DF, 96 (no. 7); idem, Prolegomenon, 66; Bellen, â€œDie Aussage,â€ 172â€“75; Levinskya, The Book of Acts, 234 (no. 3.II.3); Gibson, Jewish Manumission Inscriptions, 124, 161.",coordinates from wiki,Koubek,
128,Phanagoria,3,No,854725,45.276944,36.966111,inscription,"IJO 1, BS17 (CIJ 1.691, CIRB 985)",May/June 17 c.e.,17,-,-,,"IPE 2.364; SchÃ¼rer, HJP 3.1.37â€“38; Krauss, Synagogale AltertÃ¼mer, 240 (no. 83); Lifshitz, Prolegomenon, 69; Danshin, â€œJewish Community,â€ 137â€“38; Levinskya, The Book of Acts, 236â€“37 (no. 3.II.5); Gibson, Jewish Manumission Inscriptions, 28 n. 65, 129, 164; Binder, Temple Courts, 442â€“43 n. 125; Levine, Ancient Synagogue, 123.",coordinates from wiki,Koubek,
129,Phanagoria,3,No,854725,45.276944,36.966111,inscription,"IJO 1, BS18",March/April 52 c.e.,52,-,-,,"Danshin, â€œJewish Community,â€ 133â€“50; SEG 43.510; Levinskya, The Book of Acts, 237â€“38 (no. 3.II.6); Williams, The Jews, no. I.106; Gibson, Jewish Manumission Inscriptions, 98, 124â€“34, 172; Binder, Temple Courts, 442â€“44.",coordinates from wiki,Koubek,
130,Salamis,3,No,707617,35.1848,33.902516,literary,Acts 13:5,Ca. 90â€“110 c.e.,,90,110,,"As a general reference to commentaries see Barrett, Fitzmyer and Jervell, Comm., ad loc. Binder, Temple Courts, 269â€“70; Stegemann, Synagoge und Obrigkeit, 124, 158â€“59; Williams, The Jews, 45.",,Koubek,
131,Berenice,3,No,373757,32.12452,20.06425,inscription,CJZ 70 (CIG 3.5362),8â€“6 b.c.e.?,,-8,-6,,"Roux and Roux, â€œUn dÃ©cret,â€ 292â€“93; Reynolds, â€œInscriptions,â€ 245â€“47; LÃ¼deritz, CJZ, 148â€“51; Binder, Temple Courts, 140â€“45, 257â€“58; Levine, Ancient Synagogue, 96â€“100; Applebaum, Jews and Greeks, 160â€“61; Horsley, New Documents, 4.202â€“9; White, Social Origins, 2.296â€“98; Runesson, Origins, 172, 190; ClauÃŸen, Versammlung, 130; LÃ¼deritz, â€œWhat is the Politeuma?â€ 211.",,Koubek,
132,Berenice,3,No,373757,32.12452,20.06425,inscription,"CJZ 71 (CIG 3.5361, SEG 16.931)","24 October, 24 c.e.",24,-,-,,"Roux and Roux, â€œUn dÃ©cret,â€ 283â€“85, 294â€“96; Reynolds, â€œInscriptions,â€ 244â€“45; LÃ¼deritz, CJZ, 151â€“55; Binder, Temple Courts, 258â€“60; Levine, Ancient Synagogue, 100â€“102; Applebaum, Jews and Greeks, 161â€“63; ClauÃŸen, Versammlung, 130; LÃ¼deritz, â€œWhat is the Politeuma?â€ 211â€“14; White, Social Origins, 298, n. 39.",,Koubek,
133,Berenice,3,No,373757,32.12452,20.06425,inscription,CJZ 72 (SEG 17.823),"3 December, 55 c.e",55,-,-,,"Reynolds, â€œInscriptions,â€ 242â€“44; LÃ¼deritz, CJZ, 155â€“59; Lifshitz, DF, 82 (no. 100); Binder, Temple Courts, 109â€“10, 260â€“62; Levine, Ancient Synagogue, 102â€“4; Applebaum, Jews and Greeks, 163â€“67; White, Social Origins, 2.298â€“300; Oster, â€œSupposed Anachronism,â€ 187â€“88; ClauÃŸen, Versammlung, 130; Runesson, Origins, 219.",,Koubek,
134,Cyrene,3,No,373778,32.823041,21.85727,-,"ASAA 39/40, no. 116",End of the first century b.c.e.,,76,100,,"Applebaum, Jews and Greeks, 193â€“94; Binder, Temple Courts, 256â€“57; ClauÃŸen, Versammlung, 234, n. 79.",,Koubek,
135,Alexandria,3,No,727070,31.201435,29.909773,literary,3 Macc 2:28,First half of the first century b.c.e.,,-100,-50,,"Dion, â€œSynagogues et temples,â€ 48â€“49; Binder, Temple Courts, 43â€“46, 128â€“29, 249; Levine, Ancient Synagogue, 128, 165; Runesson, Origins, 434; ClauÃŸen, Versammlung, 57, 91, 132.",,Koubek,
136,Alexandria,3,No,727070,31.201435,29.909773,literary,3 Macc 3:29,First half of the first century b.c.e.,,-100,-50,,"Binder, Temple Courts, 135â€“40, 249; ClauÃŸen, Versammlung, 58, 91.",,Koubek,
137,Alexandria,3,No,727070,31.201435,29.909773,literary,3 Macc 4:17â€“18,First half of the first century b.c.e.,,-100,-50,,"Binder, Temple Courts, 135â€“40, 249; ClauÃŸen, Versammlung, 58, 91.",,Koubek,
138,Alexandria,3,No,727070,31.201435,29.909773,literary,"Philo, Flacc. 41â€“53",Ca. 40â€“41 c.e.,,40,41,,"Horst, Flaccus, 132â€“55 (the comments below on the passages from Flacc. depend very much on Horstâ€™s commentary); SchÃ¼rer, HJP, 443; Binder, Temple Courts, 132, 249â€“52; Runesson, Origins, 450â€“51; Levine, Ancient Synagogue, 83â€“84.",,Koubek,
139,Alexandria,3,No,727070,31.201435,29.909773,literary,"Philo, Flacc. 121â€“24",Ca. 40â€“41 c.e.,,40,41,,"Radice and Runia, Bibliography 1937â€“1986; Runia, Bibliography 1987â€“1996; Horst, Flaccus, 200â€“207. Binder, Temple Courts, 391â€“99; 408â€“9; Runesson, â€œWater and Worship,â€ 119â€“26; Haber, â€œCommon Judaism, Common Synagogue?â€",,Koubek,
140,Alexandria,3,No,727070,31.201435,29.909773,literary,"Philo, Legat. 132â€“39",Ca. 41â€“45 c.e.,,41,45,,"Radice and Runia, Bibliography 1937â€“1986; Runia, Bibliography 1987â€“1996, andespecially Smallwood, Legatio, 219â€“26 (the following comments are very much depending on Smallwoodâ€™s commentary); SchÃ¼rer, HJP, 443; Binder, Temple Courts 249â€“51; Runesson, Origins, 450â€“52; Levine, Ancient Synagogue, 83â€“85.",,Koubek,
141,Alexandria,3,No,727070,31.201435,29.909773,literary,"Philo, Legat. 165",Ca. 41â€“45 c.e.,,41,45,,"Smallwood, Legatio, 246.",,Koubek,
142,Alexandria,3,No,727070,31.201435,29.909773,literary,"Philo, Legat. 191â€“92",Ca. 41â€“45 c.e.,,41,45,,"Smallwood, Legatio, 257.",,HrnÄiar,
143,Alexandria,3,No,727070,31.201435,29.909773,inscription,JIGRE 9 (CIJ 2.1433),Second century b.c.e. (?),,-200,-101,,"Binder, Temple Courts, 131â€“32; Dion, â€œSynagogues et temples,â€ 60; Kasher, â€œSynagogues,â€ 215â€“16; Levine, Ancient Synagogue, 86; Runesson, Origins, 454; Fine, This Holy Place, 28; Lifshitz, DF, 76 (no. 87); Horsley, New Documents, 3.121; SchÃ¼rer, HJP, 2.425â€“26; Frasier, Ptolemaic Alexandria, 1.284.","JIGRE - skratka pre: William Horbury, and David Noy, eds., Jewish Inscriptions of Graeco-Roman Egypt",HrnÄiar,
144,Alexandria,3,No,727070,31.201435,29.909773,inscription,JIGRE 13 (CIJ 2.1432),37 b.c.e.,-37,-,-,,"Binder, Temple Courts, 248â€“49; Levine, Ancient Synagogue, 87; Horsley, â€œA New Corpus Inscriptionum Iudaicarum,â€ 98; SchÃ¼rer, HJP, 3.1.49; Dion, â€œSynagogues et temples,â€ 55; Horsley, New Documents, 3.121; Lifshitz, DF, 76 (no. 86).",,HrnÄiar,
145,Alexandria,3,No,727070,31.201435,29.909773,inscription,JIGRE 18,3 c.e,3,-,-,,"Binder, Temple Courts, 353â€“55; Krauss, Synagogale AltertÃ¼mer, 163; Fraser, â€œ< %' 83 ,â€ 162â€“63; idem, â€œA Correction,â€ 290.",,HrnÄiar,
146,Alexandria,3,No,727070,31.201435,29.909773,inscription,JIGRE 20 (CIJ 2.1447),First century b.c.e. to first century c.e.,,-100,100,,"Binder, Temple Courts, 248, n. 44; Levine, Ancient Synagogue, 83, n. 8, 87, n. 41; Horsley, New Documents, 4.255; Kasher, The Jews, 111â€“14; Lifshitz, DF, 80 (no. 98).",,HrnÄiar,
147,Alexandrou-Nesos,3,No,741416,-,-,papyrus,CPJ 1.129,"May 11, 218 b.c.e.",-218,-,-,,"Binder, Temple Courts, 238â€“40, 368â€“70, 437; Levine, Ancient Synagogue, 83 n. 10, 86; Runesson, Origins, 174 n. 15; Kasher, The Jews, 147; Dion, â€œSynagogues et temples,â€ 65â€“74.","geografickÃ¡ poloha sÃ­dla sa v rÃ´znych dielach lÃ­Å¡i; CPJ - skratka pre: Avigdor Tcherikover, Alexander Fuks, and Menahem Stern, eds., Corpus
papyrorum Judaicarum",HrnÄiar,
148,ArsinoÃ«-Crocodilopolis,3,No,736948,29.309049,30.844081,papyrus,CPJ 1.134,Late second century b.c.e.,,175,200,,"Binder, Temple Courts, 236â€“38; Levine, Ancient Synagogue, 83 n. 10, 81; Runesson, Origins, 432â€“33; Fine, This Holy Place, 26; Kasher, The Jews, 138â€“39.",,HrnÄiar,
149,ArsinoÃ«-Crocodilopolis,3,No,736948,29.309049,30.844081,papyrus,CPJ 2.432,113 c.e.,113,-,-,,"Binder, Temple Courts, 238 n. 24; Levine, Ancient Synagogue, 83 n. 10, 87â€“88; Runesson, Origins, 433, 452; Kasher, The Jews, 143â€“44.",,HrnÄiar,
150,ArsinoÃ«-Crocodilopolis,3,No,736948,29.309049,30.844081,inscription,JIGRE 117 (CPJ 3.1532a),246â€“221 b.c.e.,,-246,-221,,"Binder, Temple Courts, 112â€“13; Levine, Ancient Synagogue, 83, n. 7, 87, n. 39; Runesson, Origins, 172, 430, 432, 451â€“52; Lifshitz, DF, 80â€“81 (no. 99); Dion, â€œSynagogues et temples,â€ 55; Horsley, New Documents, 3.121; Horsley, â€œA New Corpus Inscriptionum Iudaicarum,â€ 94; Kasher, The Jews, 110 n. 7, 138, 202 n. 50; SchÃ¼rer, HJP, 3.1.52; Williams, The Jews, 90, 119.",,HrnÄiar,
151,Athribis,3,No,727078,30.468973,31.184021,inscription,JIGRE 27 (CIJ 2.1443),Second to first century b.c.e.,,-200,-1,,"Binder, Temple Courts, 243â€“44, 384â€“85; Levine, Ancient Synagogue, 83, n. 7, 87, n. 39; Runesson, Origins, 432â€“34; Lifshitz, DF, 79 (no. 95); Krauss, Synagogale AltertÃ¼mer, 264, 349; Dion, â€œSynagogues et temples,â€ 55â€“56; SchÃ¼rer, HJP, 3.1.49; Horsley, New Documents, 4.201; Kasher, The Jews, 116â€“18.",,HrnÄiar,
152,Athribis,3,No,727078,30.468973,31.184021,inscription,JIGRE 28 (CIJ 2.1444),Second to first century b.c.e.,,-200,-1,,"Binder, Temple Courts, 243â€“44; Levine, Ancient Synagogue, 83, n. 7, 87, n. 40; Runesson, Origins, 443â€“44, 450â€“51; Lifshitz, DF, 79â€“80 (no. 96); Krauss, Synagogale AltertÃ¼mer, 349; Dion, â€œSynagogues et temples,â€ 55; SchÃ¼rer, HJP, 3.1.49; Horsley, New Documents, 4.201; Kasher, The Jews, 115â€“17.",,HrnÄiar,
153,Leontopolis,3,No,727146,30.683333,31.35,literary,"Josephus, A.J. 13.65â€“68","Antiquitates Judaicae was published in 93/94 c.e.; the letter of Onias IV (which may not have been written by Onias but by someone else devoted to the temple of Leontopolis), reproduced by Josephus, is dated to the second century b.c.e.",,-200,-101,,"Dion, â€œSynagogues et temples,â€ 55; Delcor, â€œLe Temple dâ€™Onias,â€ 192â€“93; Binder, Temple Courts, 234â€“36; Bilde, â€œSynagoge,â€ 26; Runesson, Origins, 412â€“14; Levine, Ancient Synagogue, 84â€“85.",,HrnÄiar,
154,Leontopolis,3,No,727146,30.683333,31.35,inscription,JIGRE 105,Mid-second b.c.e. to mid-second c.e,,-175,174,,"Binder, Temple Courts, 245, n. 39; Levine, Ancient Synagogue, 83, n. 9; Runesson, Origins, 434.",,HrnÄiar,
155,"Naucratis
",3,No,727169,30.90071,30.591777,inscription,JIGRE 26,30 b.c.e. to 14 c.e,,-30,14,,"Krauss, Synagogale AltertÃ¼mer, 26; Williams, The Jews, 176.",,HrnÄiar,
156,Nitriai,3,No,727176,30.926512,30.386142,inscription,JIGRE 25 (CIJ 2.1442),140â€“116 b.c.e,,-140,-116,,"Binder, Temple Courts, 244â€“45; Levine, Ancient Synagogue, 83, n. 7, 87, n. 39; Runesson, Origins, 432â€“33, 451; Lifshitz, DF, 79 (no. 94); Dion, â€œSynagogues et temples,â€ 55, 57, 60; SchÃ¼rer, HJP, 3.1.49; Horsley, New Documents, 4.201; Kasher, The Jews, 57, 114â€“16, 213; Williams, The Jews, 28",,HrnÄiar,
157,Ptolemais,3,No,-,-,-,literary,3 Macc. 7:18â€“20,First half of the first century b.c.e.,,-100,-51,,"Williams, The Jews, 84; Binder, Temple Courts, 245â€“46; Runesson, Origins, 434â€“35; Levine, Ancient Synagogue, 86, n. 34","z textu nieje jasnÃ©, o ktorÃ© sÃ­dlo s nÃ¡zvom Ptolemais sa jednÃ¡",HrnÄiar,
158,Schedia,3,No,727221,31.13965,30.192032,inscription,JIGRE 22 (CIJ 2.1440),246â€“221 b.c.e,,-246,-221,,"Binder, Temple Courts, 240â€“41; Levine, Ancient Synagogue, 83; Runesson, Origins, 172, 430, 432, 451; Lifshitz, DF, 78 (no. 92); Krauss, Synagogale AltertÃ¼mer, 263; Dion, â€œSynagogues et temples,â€ 55, 57, 60; SchÃ¼rer, HJP, 3.1.46, 87; Horsley, New Documents, 3.121â€“22; Kasher, The Jews, 107, 110, 189, 258.",,HrnÄiar,
159,Xenephyris,3,No,-,-,-,inscription,JIGRE 24 (CIJ 2.1441),140â€“116 b.c.e.,,-140,-116,,"Binder, Temple Courts, 242â€“43, 353; Levine, Ancient Synagogue, 83, n. 7, 87, n. 39; Runesson, Origins, 174, 432â€“33; Fine, This Holy Place, 26; Lifshitz, DF, 78â€“79 (no. 93); Krauss, Synagogale AltertÃ¼mer, 264; Dion, â€œSynagogues et temples,â€ 55, 62, 65; SchÃ¼rer, HJP, 3.1.49; Horsley, New Documents, 4.201; Kasher, The Jews, 111â€“14; Williams, The Jews, 38.",,HrnÄiar,
160,Uncertain location,3,No,-,-,-,literary,"Philo, Contempl. 30â€“33",Ca. 30â€“45 c.e.,,30,45,,"Radice and Runia, Bibliography 1937â€“1986; Runia, Bibliography 1987â€“1996; Levine, Ancient Synagogues, 141, 146, 475â€“77; Culpepper, Schools, 202â€“3; Borgen, Philo, 158â€“59; SchÃ¼rer, HJP, 448; Binder, Temple Courts, 149â€“51, 468â€“71; Runesson, Origins, 455â€“58; ClauÃŸen, Versammlung, 142â€“44.",,HrnÄiar,
161,Uncertain location,3,No,-,-,-,literary,"Philo, Deus 8â€“9",Ca. 30â€“45 c.e,,30,45,,"Radice and Runia, Bibliography 1937â€“1986; Runia, Bibliography 1987â€“1996; Binder, Temple Courts, 122â€“30, 395â€“7, 407â€“9; ClauÃŸen, Versammlung, 132â€“38; Runesson, Origins, 446â€“54; Runesson, â€œWater and Worship,â€ 119â€“29.",,HrnÄiar,
162,Uncertain location,3,No,-,-,-,literary,"Philo, Hypoth. 7.11â€“14",Ca. 30â€“45 c.e,,30,45,,"Binder, Temple Courts, 402â€“8; Levine, Ancient Synagogues, 135â€“42, 145â€“47, Runesson, Origins, 80â€“82; ClauÃŸen, Versammlung, 213â€“18.",,HrnÄiar,
163,Uncertain location,3,No,-,-,-,literary,"Philo, Legat. 148",Ca. 41â€“45 c.e,,41,45,,"Smallwood, Legatio, 229.",,HrnÄiar,
164,Uncertain location,3,No,-,-,-,literary,"Philo, Legat. 152â€“53",Ca. 41â€“45 c.e,,41,45,,"Smallwood, Legatio, 232â€“33.",,HrnÄiar,
165,Uncertain location,3,No,-,-,-,literary,"Philo, Legat. 346",Ca. 41â€“45 c.e,,41,45,,"Smallwood, Legatio, 314â€“16.",,HrnÄiar,
166,Uncertain location,3,No,-,-,-,literary,"Philo, Mos. 2.214â€“16",Ca. 30â€“45 c.e,,30,45,,"Radice and Runia, Bibliography 1937â€“1986; Runia, Bibliography 1987â€“1996; Borgen, Philo, 74, 100, 171; Borgen, â€œEducationâ€, 65â€“67, 79â€“70; Culpepper, Schools, 211â€“12, Runia, Creation, 297â€“98; SchÃ¼rer, HJP, 425, 427; Sterling, â€œSchoolâ€, 154â€“55; Binder, Temple Courts, 133â€“35, 434â€“35; Levine, Ancient Synagogues, 144â€“47; ClauÃŸen, Versammlung, 130â€“31.",,HrnÄiar,
167,Uncertain location,3,No,-,-,-,literary,"Philo, Somn. 2.123â€“28",Ca. 40â€“45 c.e,,40,45,,"Levine, Ancient Synagogues, 135â€“42; SchÃ¼rer, HJP, 440; Binder, Temple Courts, 118â€“21, 402â€“3; ClauÃŸen, Versammlung, 147â€“48; Borgen, Philo, 80â€“101.",,HrnÄiar,
168,Uncertain location,3,No,-,-,-,literary,"Philo, Spec. 2.61â€“64",Ca. 30â€“45 c.e.,,30,45,,"Borgen, Philo, 100â€“101, 171; Sterling, â€œSchoolâ€, 154â€“55; Levine, Ancient Synagogues, 144â€“45; Binder, Temple Courts, 133â€“35, 434â€“35; ClauÃŸen, Versammlung, 130â€“31.",,KuÄera,
169,Uncertain location,3,No,-,-,-,literary,"Philo, Spec. 3.169â€“71",Ca. 30â€“45 c.e.,,30,45,,"Horst, Flaccus, 179â€“80; Binder, Temple Courts, 122â€“30, 407â€“9; ClauÃŸen, Versammlung, 132â€“38.",,KuÄera,
170,Uncertain location,3,No,-,-,-,papyrus,CPJ 1.138,Second half of the  rst century b.c.e.,,-51,0,,"Binder, Temple Courts, 370, 447â€“48; Levine, Ancient Synagogue, 83 n. 10, 87 n. 44; Runesson, Origins, 172, 174, 452; Kasher, The Jews, 138â€“39.",,KuÄera,
171,Uncertain location,3,No,-,-,-,inscription,JIGRE 125 (CIJ 2.1449),145â€“116 b.c.e. (original); 47â€“31 b.c.e. (replacement),,-145,-116,,"Binder, Temple Courts, 239â€“40, 436â€“39; Levine, Ancient Synagogue, 83 n. 7, 84 n. 15, 85â€“86, 87, n. 39; Runesson, Origins, 432â€“33, 451; Fraser, Ptolemaic Alexandria, 1.283â€“84; Fine, This Holy Place, 26; Grif ths, Egypt, 12; Krauss, Synagogale AltertÃ¼mer, 264â€“67; Dion, â€œSynagogues et temples,â€ 55, 57â€“59; SchÃ¼rer, HJP, 3.1.47; Horsley, New Documents, 4.201; Kasher, The Jews, 110â€“11.",,KuÄera,
172,Uncertain location,3,No,-,-,-,inscription,JIGRE 126,First to early second century c.e.,,1,125,,"Binder, Temple Courts, 377; Levine, Ancient Synagogue, 83, n. 7, 87, Prayer,â€ 118â€“22.",,KuÄera,
173,Iconium,3,No,648647,37.847054,32.5161,literary,Acts 14:1â€“7,Ca. 90â€“110 c.e.,,90,110,,"Barrett, Fitzmyer and Jervell, Comm., ad loc. Binder, Temple Courts, 271; Levine, Ancient Synagogue, 108â€“11; Levinskaya, Book of Acts, 150â€“52; Stegemann, Synagoge und Obrigkeit, 124â€“25, 158â€“59.",,KuÄera,
174,Pisidian Antioch,3,No,639060,38.306111,31.189167,literary,"Acts 13:14â€“16, 42â€“48",Ca. 90â€“110 c.e.,,90,110,,"Barrett, Fitzmyer and Jervell, Comm., ad loc. Binder, Temple Courts, 271â€“72; Levine, Ancient Synagogue, 108â€“11, 135â€“47, 393â€“402; ClauÃŸen, Versammlung, 74â€“75, 216, 261; Runesson, Origins, 214â€“15, 219â€“21; Stegemann, Synagoge und Obrigkeit, 124â€“34; Barclay, Jews, 245; Levinskaya, Book of Acts, 129â€“30, 150.",coordinates from wiki,KuÄera,
175,Osijek (Mursa),3,No,197389,45.5600179,18.675749,inscription,"IJO 1, Pan5 (CIJ 1.678a)",198â€“210 c.e.,,198,210,,"Pinterovi, â€œMursa,â€ 28â€“29; idem, â€œSynagogue,â€ 61â€“74; idem, Mursa, 63â€“65; Radan, â€œComments,â€ 266â€“67; Selem, Religions Orientales, 258â€“61; Scheiber, Jewish Inscriptions, 51â€“55 (no. 8); SchÃ¼rer, HJP, 3.1.73; Trebilco, Jewish Communities, 260 n. 38.",,KuÄera,
176,Ostia,3,Yes,422995,41.7548549,12.287656,inscription,JIWE 1.13,Second half of the second century c.e.,,151,200,,"Squarciapino, â€œLa Sinagoga di Ostia,â€ 315; idem, â€œPlotius Fortunatus,â€ 183â€“84; Guarducci, Epigra a greca, 15â€“17 ( g. 5); SEG 45.916; Meiggs, Roman Ostia, 587â€“88; Kraabel, â€œThe Diaspora Synagogue,â€ 497â€“500; SchÃ¼rer, HJP 3.1.82; Horsley, New Documents, 4.112 (no. 25); White Social Origins, 2.392â€“94 (no. 84); idem, â€œSynagogue and Society,â€ 39â€“41; Binder, Temple Courts, 326â€“31; Runesson, â€œThe Synagogue at Ancient Ostia,â€ 85â€“88; Levine, The Ancient Synagogue, 276; ClauÃŸen, Versammlung, 197â€“99.",,KuÄera,
177,Ostia,3,Yes,422995,41.7548549,12.287656,inscription,JIWE 1.14,First to second century c.e.,,1,200,,"Squarciapino, â€œPlotius Fortunatus,â€ 187â€“91; SchÃ¼rer, HJP 3.1.82; Horsley, New Documents, 4.214 (no. 12), 5.148 (no. 113); Rajak & Noy, â€œArchisynagogoiâ€; Binder, Temple Courts, 335; Runesson, â€œThe Synagogue at Ancient Ostia,â€ 91â€“92; idem, â€œOldest Original Synagogue,â€  427â€“28; White â€œReading the Ostia Synagogue,â€ 451 n. 74; Levine, The Ancient Synagogue, 278.",,KuÄera,
178,Ostia,3,Yes,422995,41.7548549,12.287656,inscription,JIWE 1.18 (CIJ 1.533),Second century c.e.,,101,200,,"Ghislanzoni, Notizie degli scavi (1906), 410â€“15; Squarciapino, â€œPlotius Fortunatus,â€ 186; Meiggs, Roman Ostia, 389; Kraabel, â€œThe Diaspora Synagogue,â€ 499 n. 77; SchÃ¼rer, HJP 3.1.82; Kant, â€œJewish Inscriptions,â€ 693â€“95; White, Social Origins, 2.394â€“97 (no. 85); idem,  â€œSynagogue and Society,â€ 42â€“48; Runesson, â€œThe Synagogue at Ancient Ostia,â€ 88â€“89; Levine, The Ancient Synagogue, 278.",,KuÄera,
179,Ostia,3,Yes,422995,41.7548549,12.287656,archaeological,-,Second half of the  rst century c.e.,,51,100,,"Floriani Squarciapino, â€œSecond campagna di Scavaoâ€; eadem, â€œEbreiâ€; eadem, â€œSynagogue at Ostiaâ€; eadem, â€œMost Ancient Synagogueâ€; Zevi, â€œLa sinagoga di Ostiaâ€; Pavolini, â€œVia Severianaâ€; Zappa, â€œNuovi bolli lateriziâ€; Kraabel, â€œThe Diaspora Synagogue,â€ 497â€“500; Foerster,  â€œDiaspora Synagogue,â€ 169â€“70; Rutgers, â€œSynagogue Archaeology,â€ 67â€“94; White â€œSynagogue and Societyâ€; idem, â€œReading the Ostia Synagogueâ€; Hachlili, Diaspora, 68â€“69; Binder, Temple Courts, 322â€“36; Runesson, â€œSynagogue at Ancient Ostiaâ€; idem, â€œWater and Worshipâ€; idem, â€œMonumental Synagogueâ€; idem, â€œOldest Original Synagogue Buildingâ€; idem, Origins, 187â€“89;",,KuÄera,
180,Rome,3,No,423025,41.891775,12.4861369,literary,"Josephus, A.J. 14.213â€“15",first century b.c.e.,,-100,-1,,"McLean, â€œThe Place of Cult,â€ 192â€“95; Shanks, Judaism in Stone, 43â€“44; Binder, Temple Courts, 297â€“317; Levine, Ancient Synagogue, 100â€“105; Runesson, Origins, 175, 185â€“87; Williams, The Jews, 12, 60â€“61; White, â€œDelos,â€ White, Social Origins, 332â€“42; Eilers, Jewish Privileges, ch. 9.",,KuÄera,
181,Rome,3,No,423025,41.891775,12.4861369,literary,"Juvenal, Satire 3.278â€“300",ca. 110â€“130 c.e.,,110,130,,"Stern, GLAJJ II. no. 297; Binder, Temple Courts, 115, n. 62; Levine, Ancient Synagogue, 105â€“7.",,KuÄera,
182,Rome,3,No,423025,41.891775,12.4861369,literary,"Philo, Legat. 155â€“61",Ca. 41â€“45 c.e.,,41,45,,"Radice and Runia, Bibliography 1937â€“1986; Runia, Bibliography 1987â€“1996; SchÃ¼rer, HJP, 425; Smallwood, Legatio, 23â€“45.",,KuÄera,
183,Rome,3,No,423025,41.891775,12.4861369,inscription,JIWE 2.602 (CIJ 1.531),First to second century c.e.,,1,200,,"CIL 6.2.1281 (no. 9821); Leon, The Jews, 152; Smallwood, The Jews, 520; Horsley, New Documents, 1.118; van der Horst, Ancient Jewish Epitaphs, 43; Binder, Temple Courts, 114â€“15, 321; ClauÃŸen, Versammlung, 115.",,KuÄera,
184,Beroea,3,No,491546,40.524528,22.204993,literary,Acts 17:10â€“12,Ca. 90â€“110 c.e.,,90,110,,"Barrett, Fitzmyer and Jervell, Comm., ad loc. Binder, Temple Courts, 292â€“94; Levinskaya, Book of Acts, 157.",,KuÄera,
185,Philippi,3,No,501482,41.0169489,24.2803,literary,Acts 16:13â€“18,Ca. 90â€“110 c.e.,,90,110,,"Barrett, Fitzmyer and Jervell, Comm., ad loc. Binder, Temple Courts, 290â€“92; Levine, Ancient Synagogue, 109, 293; ClauÃŸen, Versammlung, 114â€“20; Runesson, â€œWater and Worshipâ€; Stegemann, Synagoge und Obrigkeit, 211â€“14; Tellbe, Synagogue and State, 234â€“38.",,KuÄera,
186,Thessalonica,3,No,491741,40.630282,22.949569,literary,Acts 17:1â€“4,Ca. 90â€“110 c.e.,,90,110,,"Barrett, Fitzmyer and Jervell, Comm., ad loc. Binder, Temple Courts, 292â€“94; Levinskaya, Book of Acts, 154â€“57; Stegemann, Synagoge und Obrigkeit, 226â€“27; Tellbe, Synagogue and State, 154â€“57.",,KuÄera,
187,Stobi,3,No,491731,41.5313909,21.977716,inscription,"IJO 1, Macc1 (CIJ 1.694)",Second half of second century to  rst half of third century c.e.,,151,250,,"Vuli, â€œAncient Monuments,â€ 238â€“39 (no. 636); idem, â€œInscriptionâ€ (1932), 291â€“98, idem, â€œInscriptionâ€ (1935), 169â€“75; Petrovi, â€œExcavations,â€ 83â€“84, 135â€“36; Sukenik, Ancient Synagogues, 79â€“81; Marmorstein, â€œSynagogue,â€ 373â€“84; Kitzinger, â€œSurvey,â€ 129â€“34, 140â€“46; Hengel, â€œSynagogen-inschrift,  145â€“83; DF 18â€“19 (no. 10); Lifshitz, â€œProlegomenon,â€ 76â€“77; Kraabel, â€œDiaspora Syngogue,â€ 494â€“97; Poehlman, â€œInscription,â€ 235â€“48; White, Social Origins, 2.352â€“56 (no. 73); Feldman, â€œDiaspora Synagogues,â€ 597; Fine, This Holy Place, 139; Williams, The Jews, no. II.7; Runesson, Origins, 175; Levine, Ancient Synagogue, 270â€“73; ClauÃŸen, Versammlung, 199â€“202; Habas-Rubin, â€œDedication,â€ 41â€“78.",,KuÄera,
188,Stobi,3,No,491731,41.5313909,21.977716,archaeological,-,Second half of second century to  rst half of third century c.e.,,151,250,,"Vuli, â€œAncient Monuments,â€ 238â€“39 (no. 636); idem, â€œInscriptionâ€ (1932), 291â€“98, idem, â€œInscriptionâ€ (1935), 169â€“75; Petrovi, â€œExcavations,â€ 83â€“84, 135â€“36; Sukenik, Ancient Synagogues, 79â€“81; Marmorstein, â€œSynagogue,â€ 373â€“84; Kitzinger, â€œSurvey,â€ 129â€“34, 140â€“46; Hengel, â€œSynagogen-inschrift,  145â€“83; DF 18â€“19 (no. 10); Lifshitz, â€œProlegomenon,â€ 76â€“77; Kraabel, â€œDiaspora Syngogue,â€ 494â€“97; Poehlman, â€œInscription,â€ 235â€“48; White, Social Origins, 2.352â€“56 (no. 73); Feldman, â€œDiaspora Synagogues,â€ 597; Fine, This Holy Place, 139; Williams, The Jews, no. II.7; Runesson, Origins, 175; Levine, Ancient Synagogue, 270â€“73; ClauÃŸen, Versammlung, 199â€“202; Habas-Rubin, â€œDedication,â€ 41â€“78.",,KuÄera,
189,Dura Europos,3,No,-,34.747,40.73,archaeological,-,Second half of the second century c.e.,,151,200,,"Gutmann, Dura-Europos Synagogue; Kraeling, Excavations at Dura- Europos; Levine, â€œDura Europosâ€; Hachlili, Diaspora, 39â€“45, 72; Levine, Ancient Synagogue, 252â€“57; White, Social Origins, 2.272â€“87 (No. 60); IJO III. Nos. Syr81â€“Syr83.",coordinates from wiki,KuÄera,
190,Antioch,3,Yes,874623,41.215055,37.0672339,literary,"Josephus, B.J. 7.44â€“45",third or second century b.c.e.,,-300,-101,,"Williams, The Jews, 19; Binder, Temple Courts, 264â€“66; Runesson,Origins, 421; Levine, Ancient Synagogue, 116â€“18; Levinskaya, Book of Acts, 128â€“35. See also No. T.10.",,KuÄera,
191,Damascus,3,No,678106,33.511612,36.309102,literary,Acts 9:1â€“2,Ca. 90â€“110 c.e.,,90,110,,"Barrett, Fitzmyer and Jervell, Comm., ad loc. Binder, Temple Courts, 266â€“68; Levine, Ancient Synagogue, 118; ClauÃŸen, Versammlung, 98; Runesson, Origins, 375â€“76; Stegemann, Synagoge und Obrigkeit, 100â€“103.",,KuÄera,
192,Damascus,3,No,678106,33.511612,36.309102,literary,Acts 9:19bâ€“22,Ca. 90â€“110 c.e.,,90,110,,"Barrett, Fitzmyer and Jervell, Comm., ad loc. Binder, Temple Courts, 266â€“68; Levine, Ancient Synagogue, 118; ClauÃŸen, Versammlung, 98; Runesson, Origins, 375â€“76; Stegemann, Synagoge und Obrigkeit, 100â€“103.",,KuÄera,
193,Dora (Dor),3,No,678121,32.617589,34.916907,literary,"Josephus, A.J. 19.300â€“305",ca. 41 c.e.,41,-,-,,"Binder, Temple Courts, 268â€“69; Bilde, â€œSynagogue,â€ 20â€“21; Runesson, Origins, 219; ClauÃŸen, Versammlung, 249â€“50; Levine, Ancient Synagogue, 66â€“67.",,KuÄera,
194,Uncertain location,3,No,-,-,-,literary,"Philo, Legat. 311â€“16",Ca. 41â€“45 c.e.,,41,45,,"Radice and Runia, Bibliography 1937â€“1986; Runia, Bibliography 1987â€“1996; SchÃ¼rer, HJP, 418, 440; Sterling, â€œSchoolâ€, 154â€“55; Smallwood, Legatio, 308â€“11.",,KuÄera,
195,Uncertain location,3,No,-,-,-,literary,"Philo, Legat. 370â€“71",Ca. 41â€“45 c.e.,,41,45,,"Radice and Runia, Bibliography 1937â€“1986; Runia, Bibliography 1987â€“1996; Smallwood, Legatio, 323â€“24.",,KuÄera,
196,Uncertain location,3,No,-,-,-,literary,Jas 2:2â€“4,Ca. 60 or ca. 80â€“100 c.e.,,60,100,,"Dibelius/Greeven, Mussner and Johnson, Comm., ad loc. Binder, Temple Courts, 65â€“66, 499 n. 45; ClauÃŸen, Versammlung, 68â€“69; Riesner, â€œSynagoguesâ€, 207â€“8, Kloppenborg, â€œDiaspora Discourseâ€, 251â€“55.",,KuÄera,