X,Y,timeperiod,timeperi_1,n
-2.9852,51.3574,I,iron-age-britain,Worlebury Camp
-3.4565,51.1832,I,iron-age-britain,Grabbist hill-fort
-3.4542,51.1743,I,iron-age-britain,Black Ball Camp
-1.1821,59.9953,I,iron-age-britain,Broch of Mousa
55.0337,37.2407,HRL,"hellenistic-republican,roman,late-antique",Fort at Great Wall of Gorgan
54.6591,37.1648,HRL,"hellenistic-republican,roman,late-antique",Fort at Great Wall of Gorgan
54.615,37.1185,HRL,"hellenistic-republican,roman,late-antique",Fort at Great Wall of Gorgan
54.7501,37.2103,HRL,"hellenistic-republican,roman,late-antique",Fort at Great Wall of Gorgan
54.6924,37.1982,HRL,"hellenistic-republican,roman,late-antique",Fort at Great Wall of Gorgan
54.8498,37.2338,HRL,"hellenistic-republican,roman,late-antique",Fort at Great Wall of Gorgan
54.8156,37.2288,HRL,"hellenistic-republican,roman,late-antique",Fort at Great Wall of Gorgan
54.9231,37.2367,HRL,"hellenistic-republican,roman,late-antique",Fort at Great Wall of Gorgan
54.8968,37.2352,HRL,"hellenistic-republican,roman,late-antique",Fort at Great Wall of Gorgan
54.9822,37.2409,HRL,"hellenistic-republican,roman,late-antique",Fort at Great Wall of Gorgan
54.9552,37.2388,HRL,"hellenistic-republican,roman,late-antique",Fort at Great Wall of Gorgan
54.2323,37.1384,HRL,"hellenistic-republican,roman,late-antique",Fort at Great Wall of Gorgan
54.2508,37.1377,HRL,"hellenistic-republican,roman,late-antique",Fort at Great Wall of Gorgan
54.3241,37.1327,HRL,"hellenistic-republican,roman,late-antique",Fort at Great Wall of Gorgan
54.4252,37.1099,HRL,"hellenistic-republican,roman,late-antique",Fort at Great Wall of Gorgan
54.4569,37.1071,HRL,"hellenistic-republican,roman,late-antique",Fort at Great Wall of Gorgan
54.4925,37.1021,HRL,"hellenistic-republican,roman,late-antique",Fort at Great Wall of Gorgan
54.5146,37.0964,HRL,"hellenistic-republican,roman,late-antique",Fort at Great Wall of Gorgan
54.5459,37.0978,HRL,"hellenistic-republican,roman,late-antique",Fort at Great Wall of Gorgan
54.181,37.1334,HRL,"hellenistic-republican,roman,late-antique",Fort at Great Wall of Gorgan
55.1609,37.2568,HRL,"hellenistic-republican,roman,late-antique",Fort at Great Wall of Gorgan
55.1011,37.2445,HRL,"hellenistic-republican,roman,late-antique",Fort at Great Wall of Gorgan
55.1144,37.2473,HRL,"hellenistic-republican,roman,late-antique",Fort at Great Wall of Gorgan
55.2917,37.3511,HRL,"hellenistic-republican,roman,late-antique",Fort at Great Wall of Gorgan
55.3133,37.3713,HRL,"hellenistic-republican,roman,late-antique",Fort at Great Wall of Gorgan
55.2095,37.2789,HRL,"hellenistic-republican,roman,late-antique",Fort at Great Wall of Gorgan
55.2474,37.3182,HRL,"hellenistic-republican,roman,late-antique",Fort at Great Wall of Gorgan
55.5095,37.484,HRL,"hellenistic-republican,roman,late-antique",Fort at Great Wall of Gorgan
55.4424,37.4562,HRL,"hellenistic-republican,roman,late-antique",Fort at Great Wall of Gorgan
55.3981,37.4258,HRL,"hellenistic-republican,roman,late-antique",Fort at Great Wall of Gorgan
24.7259,41.1817,HR,"hellenistic-republican,roman",Tower in R. Nestos Valley
24.7185,41.1652,HR,"hellenistic-republican,roman",Tower in R. Nestos Valley
24.729,41.2306,HR,"hellenistic-republican,roman",Tower in R. Nestos Valley
24.6305,41.2652,HR,"hellenistic-republican,roman",Tower in R. Nestos Valley
24.5326,41.253,HR,"hellenistic-republican,roman",Tower in R. Nestos Valley
24.5412,41.2072,HR,"hellenistic-republican,roman",Tower in R. Nestos Valley
24.5151,41.2254,HR,"hellenistic-republican,roman",Tower in R. Nestos Valley
24.594,41.2198,HR,"hellenistic-republican,roman",Tower in R. Nestos Valley
24.6819,41.2255,HR,"hellenistic-republican,roman",Tower in R. Nestos Valley
24.6408,41.2149,HR,"hellenistic-republican,roman",Tower in R. Nestos Valley
24.5867,41.2505,HR,"hellenistic-republican,roman",Tower in R. Nestos Valley
-2.1246,51.1974,I,iron-age-britain,Scratchbury Camp
-3.1039,51.096,I,iron-age-britain,Ruborough Camp
10.0777,48.3835,L,late-antique,Piniana
11.017,48.7004,RL,"roman,late-antique",Parrodunum
9.4249,49.4302,R,roman,Osterburken
11.4558,48.7129,R,roman,Oberstimm
8.8705,50.2368,R,roman,Nidderau
10.1245,48.4276,R,roman,Nersingen
9.1703,49.3767,R,roman,Neckarburken
12.9611,48.7515,R,roman,Moos
9.2571,49.7032,R,roman,Miltenberg-Ost
10.7045,49.0572,RL,"roman,late-antique",Mediana
10.1432,49.6659,R,roman,Marktbreit
10.6023,48.9215,R,roman,Losodica
14.7998,48.0964,RLM,"roman,late-antique,modern",Lo(a)cus Felicis?
14.475,48.2167,RLM,"roman,late-antique,modern",Lauriacum
10.2463,48.8718,R,roman,Lauchheim
12.1009,49.0165,R,roman,Kumpfmühl
9.4692,49.3109,R,roman,Jagsthausen
13.9167,48.4167,RL,"roman,late-antique",Ioviacum?
10.8475,49.0902,RL,"roman,late-antique",Iciniacum
10.2857,48.9832,R,roman,Halheim
13.0045,48.7272,R,roman,Haardorf
12.0464,49.0129,RL,"roman,late-antique",Grossprüfening
9.3601,48.6773,R,roman,*Grinario
11.4997,48.8108,R,roman,Germanicum
8.7099,48.1274,R,roman,Frittlingen
8.7537,50.3367,R,roman,Friedberg
15.5776,48.3937,RLM,"roman,late-antique,modern",Faviana
10.0275,48.8087,RL,"roman,late-antique",Essingen
9.706,48.6944,R,roman,Eislingen
9.565,48.5172,R,roman,Clarenna
11.6889,48.808,R,roman,Celeusum
10.1271,48.1202,L,late-antique,Caelius Mons
10.0663,48.4171,R,roman,Burlafingen
9.1152,48.2892,R,roman,Burladingen
10.9627,49.0312,RL,"roman,late-antique",Biriciana
13.4639,48.5735,RLM,"roman,late-antique,modern",Batavi
8.7357,50.3606,R,roman,Bad Nauheim
8.7847,50.4881,R,roman,Arnsburg
15.2119,48.2124,RL,"roman,late-antique",Ar(e)lape
14.5466,48.2251,R,roman,Albing
10.4592,48.509,R,roman,Aislingen
9.8934,48.5472,RL,"roman,late-antique",Ad Lunam
6.6386,49.8173,L,late-antique,Unnd
8.3924,49.7037,L,late-antique,Zullestein
8.241,50.0448,L,late-antique,Wiesbaden-Biebrich
6.9759,50.8198,R,roman,Römerlager Wesseling
6.7076,49.3561,RLM,"roman,late-antique,modern",Vicus Contiomagus
8.5667,50.2715,RM,"roman,modern",Saalburg
8.4108,49.9949,R,roman,Rüsselsheim
7.227,50.5788,RL,"roman,late-antique",Rigomagus
3.0046,51.1844,LM,"late-antique,modern",Oudenburg
7.5844,51.6125,RM,"roman,modern",Oberaden
6.7219,51.1839,RLM,"roman,late-antique,modern",Novaesium
7.4719,50.467,R,roman,Niederbieber
7.5455,50.427,L,late-antique,Neuwied-Engers
8.4923,49.453,L,late-antique,Neckarau
7.5798,48.0291,RL,"roman,late-antique",(Mons) Brisiacus
6.8727,51.1294,L,late-antique,Monheim-Haus Bürgel
8.637,50.3652,R,roman,Langenhain
7.6041,50.309,R,roman,Lahnstein
8.5062,51.4909,R,roman,Kneblinghausen
5.8429,51.7642,L,late-antique,Heumen-Heumensoord
7.1705,51.7395,RM,"roman,modern",Haltern
6.1625,51.4616,L,late-antique,Grubbenvorst-Lottum
8.4818,49.9214,R,roman,Gross-Gerau
6.1156,51.6926,L,late-antique,Goch-Asperden
8.4858,49.7504,R,roman,Gernsheim
8.4313,50.0144,L,late-antique,Flörsheim
5.7434,51.0206,L,late-antique,Feresne?
4.497,50.9601,RM,"roman,modern",Elewijt
6.8421,51.0931,RL,"roman,late-antique",Durnomagus
1.329,48.0681,HL,"hellenistic-republican,late-antique",Dunense Castrum
6.7279,51.4093,R,roman,Duisburg-Rheinhausen
6.9353,51.6739,R,roman,Dorsten-Holsterhausen
5.8788,51.7294,RLM,"roman,late-antique,modern",Ceuclum
6.47,51.6464,RM,"roman,modern",Castra Vetera
8.2827,50.0086,RL,"roman,late-antique",Castellum Mattiacorum
6.5825,51.5691,RL,"roman,late-antique",Calo?
8.6735,50.4371,R,roman,Butzbach
6.8678,51.0652,R,roman,Burungum?
6.3189,51.7139,RL,"roman,late-antique",Burginatium
7.0963,50.7326,RRL,"roman,roman-early-empire-late-antique,late-antique",Bonna
7.5917,50.231,RL,"roman,late-antique",Bodobrica
6.9045,50.5405,RL,"roman,late-antique",Bad Münstereifel-Houverath
4.2,50.9105,HRLM,"hellenistic-republican,roman,late-antique,modern",Asse
6.67,51.4317,RLM,"roman,late-antique,modern",Asciburgium
7.7511,48.5819,RL,"roman,late-antique",Argentorate
8.114,49.7431,RRLM,"roman,roman-early-empire-late-antique,late-antique,modern",*Altiaia
8.499,49.4315,L,late-antique,Alta Ripa
43.3354,38.5038,U,urartian-eastern-anatolia,Van Fortress
45.0441,34.2585,AC,"archaic,classical",Tell Gubba
39.0711,35.0741,L,late-antique,Qasr al-Hayr al-Sharqi/Adada?
43.4111,35.1745,RL,"roman,late-antique",Qal'a Jabbar
43.3504,35.2789,RL,"roman,late-antique",Qal'a al-Bint
41.4115,34.4743,R,roman,Ertaje/(Belesi) Biblada?
-3.5641,56.01,R,roman,Velunia(te)
-3.1432,56.6253,R,roman,Tameia?
-3.7827,56.3411,R,roman,Strageath
-2.6556,56.8097,R,roman,Stracathro
-0.4908,54.4034,L,late-antique,Ravenscar
-4.4567,55.924,R,roman,Old Kilpatrick
-1.2904,53.8984,L,late-antique,Newton Kyme
-3.7363,55.9964,R,roman,Mumrills
-4.3243,56.1775,R,roman,Malling
-2.9418,54.897,RL,"roman,late-antique",Luguvalium
-4.4536,56.0634,R,roman,Lindon?
-2.017,54.5123,RL,"roman,late-antique",Lavatris
-4.1546,55.9399,R,roman,Kirkintilloch
-2.5903,54.1717,R,roman,Kalagon/Galacum
-3.424,56.541,R,roman,Victoria?
-0.9328,54.5718,L,late-antique,Huntcliff
-0.711,54.5207,L,late-antique,Goldsborough
-0.2919,54.2102,L,late-antique,Filey
-3.7009,56.4355,R,roman,Fendoch
-3.2857,55.6437,R,roman,Karbantorigon?
-0.7894,54.1342,RL,"roman,late-antique",Derventio
-3.6703,55.1516,R,roman,Dalswinton
-4.042,55.959,R,roman,Croy Hill
-3.6541,55.4702,R,roman,Crawford
-2.0293,54.9782,RLM,"roman,late-antique,modern",*Coriosopitum/Coria
-2.9459,55.0366,RLM,"roman,late-antique,modern",Castra Exploratorum
-3.2868,56.343,R,roman,Carpow
-3.3819,56.5158,R,roman,Cargill
-4.2135,55.9214,R,roman,Cadder
-4.2162,56.2441,R,roman,Bochastle
-3.4644,56.4234,R,roman,Bertha
-4.3338,55.9194,R,roman,Bearsden
-4.537,55.8849,R,roman,Barochan
-4.0837,55.9565,R,roman,Bar Hill
-4.2523,55.9194,R,roman,Balmuildy
-4.1245,55.9479,R,roman,Auchendavy
-2.7469,54.3082,R,roman,Alone?/Alauna?
-1.8204,55.3965,R,roman,Alauna
45.7282,39.1699,L,late-antique,Parakan
46.4189,39.2022,L,late-antique,Kapan
46.2416,39.2689,L,late-antique,Balaberd
44.2465,39.9775,L,late-antique,*Zolocerta/‘Coloceia’
40.1762,38.2523,L,late-antique,Ziata/*Inzieta?
41.0704,36.6688,NCU43EO2LANRL,"neolithic-middle-east,chalcolithic-mesopotamia,ubaid-early-dynastic-ii-mesopotamia,4th-millenium-bce,3rd-millennium-bc,early-dynastic-mesopotamia,old-babylonian-assyrian-mesopotamia,2nd-millenium-bce,later-2nd-millennium-bc-mesopotamia,archaic,neo-assyri",Tell Brak
0.8422,41.7829,H,hellenistic-republican,La Ràpita
3.1969,42.2482,L,late-antique,Puig Rom
-2.5335,41.4859,H,hellenistic-republican,El Guijar
-0.2222,41.9402,H,hellenistic-republican,Gabarda
2.8423,42.4827,RLM,"roman,late-antique,modern",L’Ecluse
-1.1752,41.7197,H,hellenistic-republican,Castra Aelia
1.1441,41.7675,L,late-antique,Castellnou de Sió
-1.1638,41.7957,R,roman,Cabañas de Ebro
-2.3835,41.82,H,hellenistic-republican,El Atalayón
-5.9834,42.09,RL,"roman,late-antique",Petavonium
-5.5667,42.5995,RLM,"roman,late-antique,modern",Legio VII Gemina
-5.979,42.1961,R,roman,Cohors IV Gallorum
12.5716,41.7778,ACH,"archaic,classical,hellenistic-republican",La Giostra
12.6653,41.7326,RRL,"roman,roman-early-empire-late-antique,late-antique",Castra Albana
11.7968,42.0912,RLM,"roman,late-antique,modern",Centum Cellae
1.0698,47.7807,RL,"roman,late-antique",Vindocinum
28.1395,44.8955,RL,"roman,late-antique",Beroe
24.9513,43.94,R,roman,Băneasa
28.0218,44.3319,RL,"roman,late-antique",Axiopolis
24.8522,43.633,RL,"roman,late-antique",Asamus
24.3123,45.2769,R,roman,Arutela
28.94,44.7581,RL,"roman,late-antique",Argamum
26.2456,43.9877,RL,"roman,late-antique",Appiaria
26.3038,46.0417,R,roman,Angustia?
27.6994,44.1886,RL,"roman,late-antique",Altinum
23.8134,43.528,RL,"roman,late-antique",Altimir
28.5056,45.3266,R,roman,Aliobrix
24.8481,44.7815,R,roman,Albota
28.8064,45.1798,RL,"roman,late-antique",Aegyssus
24.2646,44.3781,R,roman,Acidava
21.2251,44.3672,RL,"roman,late-antique",Žabari
21.6445,43.0628,L,late-antique,Zlata
23.7901,43.809,R,roman,Zăvalu
21.3002,45.1227,R,roman,Vršac
22.2702,43.6895,RL,"roman,late-antique",Vrbica
22.7056,43.8526,RL,"roman,late-antique",Vodna
23.1359,44.9151,R,roman,Vîrţu
23.4144,45.1694,R,roman,Vîrtop
23.4521,45.5957,R,roman,Vîrful lui Pătru
22.0165,44.5326,L,late-antique,Velika Livadica
22.6198,44.5434,RL,"roman,late-antique",Vajuga
19.9946,44.6289,L,late-antique,Ušće
22.35,44.4833,RL,"roman,late-antique",*Una
22.6358,43.9589,RL,"roman,late-antique",Tsar Petrovo
21.7947,44.633,L,late-antique,Trpičevski potok
20.65,44.7332,RL,"roman,late-antique",Tricornium
22.4045,44.6628,RL,"roman,late-antique",Transdierna
23.3277,47.2277,R,roman,Tihău
22.1865,45.4591,R,roman,Tibiscum
20.4115,44.836,RL,"roman,late-antique",Taurunum
22.7034,43.5324,RL,"roman,late-antique",Târgovishte
22.1443,44.4436,RL,"roman,late-antique",Taliata
22.2601,42.978,RL,"roman,late-antique",Svodje
21.2,44.2166,RL,"roman,late-antique",Svilajnac
20.6666,44.1499,L,late-antique,Stragari
21.4252,43.6778,L,late-antique,Stalać
20.5973,44.5088,RL,"roman,late-antique",Sopot
20.0851,44.3463,L,late-antique,Slovac
19.9285,44.405,L,late-antique,Slatina
20.6283,46.0775,R,roman,Sînnicolaul Mare
21.6083,44.5268,RL,"roman,late-antique",Sena
22.6134,44.608,R,roman,Schela Cladovei
22.0319,43.8906,RL,"roman,late-antique",Savinac
22.3303,44.2437,RL,"roman,late-antique",Šarkamen
21.96,44.5927,L,late-antique,Saldum
19.5857,44.9469,RL,"roman,late-antique",Salaš Noćajski
22.5277,43.6135,RL,"roman,late-antique",Salash
23.5451,45.1107,R,roman,Săcelu
19.6998,44.7542,L,late-antique,Šabac
20.4955,44.1161,RL,"roman,late-antique",Rudnik
20.3216,45.0664,RL,"roman,late-antique",Rittium
21.2837,44.0066,RL,"roman,late-antique",Ribare
22.2925,43.9904,RL,"roman,late-antique",Rgotina
23.8706,46.4127,R,roman,Războieni
22.0548,44.4903,L,late-antique,Ravna
22.9049,43.8174,R,roman,Ratiaria
21.0554,44.2538,L,late-antique,Rakinac
23.5718,44.514,R,roman,Răcari
22.702,44.6807,R,roman,Puţinei
22.6058,44.2873,RL,"roman,late-antique",Prahovo
22.6538,44.5896,RL,"roman,late-antique",Pontes
23.4462,43.8239,RL,"roman,late-antique",Pomodiana/Cumodina
21.5805,44.7602,R,roman,Pojejena de Sus
21.5109,44.7606,RL,"roman,late-antique",Pincus
22.85,44.135,L,late-antique,Phlorentiana
22.741,43.2066,RL,"roman,late-antique",Pakleštica
22.1374,43.1374,RL,"roman,late-antique",Ovsinjac
21.8197,43.1947,L,late-antique,Orljane
23.1707,45.7303,R,roman,Orăştiora de Sus
23.2517,46.9861,R,roman,Optatiana
23.4451,43.1003,RL,"roman,late-antique",Opletnja
19.6244,45.2362,RL,"roman,late-antique",Onagrinum
20.5585,44.8143,RL,"roman,late-antique",Oktabon
21.8885,44.6204,RL,"roman,late-antique",Novae
21.7165,44.4434,RL,"roman,late-antique",Neresnica
22.1416,44.287,RL,"roman,late-antique",Miloševa kula
19.3313,44.1853,RL,"roman,late-antique",Mihaljevći
22.8149,45.9146,R,roman,Micia
21.377,43.6787,L,late-antique,Maskare
23.3451,43.5122,RL,"roman,late-antique",Marchevo
21.4697,44.1005,RL,"roman,late-antique",Manasija
19.6142,45.2119,RL,"roman,late-antique",Malata
22.3336,44.0522,RL,"roman,late-antique",Mala Jasikova
22.66,43.7686,RL,"roman,late-antique",Makresh
23.1112,45.6425,R,roman,Luncani-Tîrsa
21.8278,43.8001,RL,"roman,late-antique",Lukovo
23.5224,43.3226,RL,"roman,late-antique",Liljache
21.9453,42.9967,L,late-antique,Leskovac
21.3343,44.8134,RL,"roman,late-antique",Lederata
23.1817,47.1134,R,roman,Largiana
21.6124,44.2479,RL,"roman,late-antique",Krepoljin
19.9862,44.1546,L,late-antique,Krčmar
22.5699,43.574,RL,"roman,late-antique",Krachimir
20.9833,44.7499,L,late-antique,Kovin
22.2746,43.9125,RL,"roman,late-antique",Kostol
23.0297,44.0733,RL,"roman,late-antique",Koshava
21.6258,43.5431,RL,"roman,late-antique",Korman
22.7191,44.5307,RL,"roman,late-antique",Korbovo
21.8543,43.206,RL,"roman,late-antique",Klisura
23.1132,45.6001,R,roman,Jigorul Mare
21.5204,44.0272,RL,"roman,late-antique",Jezero
22.9202,44.0741,RL,"roman,late-antique",Jasen
22.495,44.4543,R,roman,Izvorul Frumos
22.6609,44.3097,R,roman,Izvoarele
24.0704,47.2303,R,roman,Ilişua
23.4799,46.1454,R,roman,Ighiu
21.9125,43.3574,RL,"roman,late-antique",Hum
22.7773,44.5381,RL,"roman,late-antique",Hinova
19.6698,47.668,L,late-antique,Hatvan
22.2802,44.6001,RL,"roman,late-antique",Hajdučka Vodenica
21.2328,44.8978,R,roman,Grebenac
22.07,42.9017,L,late-antique,Grdelica
23.4808,43.4862,RL,"roman,late-antique",Gradeshnitsa
22.1958,44.4498,RL,"roman,late-antique",Gradac
21.2129,42.8952,L,late-antique,Grad
22.9665,43.3019,RL,"roman,late-antique",Govezhda
19.5917,44.1465,RL,"roman,late-antique",Gornje Košlje
22.3669,43.4883,RL,"roman,late-antique",Gornja Kamenica
22.7451,43.4835,RL,"roman,late-antique",Gorni Lom
21.8552,44.6806,RL,"roman,late-antique",Gornea
22.9679,44.0913,RL,"roman,late-antique",Gomotartsi
19.837,44.0294,RL,"roman,late-antique",Godljevo
19.5489,44.89,RL,"roman,late-antique",Glušci
22.8736,43.551,RL,"roman,late-antique",Gjurgich
23.3918,46.7541,R,roman,Gilău
23.8999,47.0198,R,roman,Gherla
22.25,44.4635,RL,"roman,late-antique",‘Gerulatis’
23.1644,45.8971,R,roman,Germisara
23.0309,43.3857,RL,"roman,late-antique",Georgi Damjanovo
23.0584,43.3975,RL,"roman,late-antique",Gavril Genovo
23.1061,43.3288,RL,"roman,late-antique",Gaganitsa
20.8754,45.497,R,roman,Foeni
23.287,43.4813,RL,"roman,late-antique",Erden
22.4453,44.4691,RL,"roman,late-antique",Egeta
21.6398,44.6003,RL,"roman,late-antique",Dvorište
22.6688,42.7016,RL,"roman,late-antique",Dushinci
21.2751,44.9271,R,roman,Dupljaja
22.0225,43.2388,RL,"roman,late-antique",Draškova kutina
22.7362,44.1927,RL,"roman,late-antique",Dorticum
23.3493,43.2392,RL,"roman,late-antique",Dolno Ozirovo
23.3258,43.8431,RL,"roman,late-antique",Dolno Linevo
21.9095,44.632,L,late-antique,Dobra
21.5394,43.6056,L,late-antique,Djunis
19.1131,44.3652,L,late-antique,Divić
22.5569,44.6408,RL,"roman,late-antique",*Diana
19.9028,44.6226,L,late-antique,Debrc
21.9555,44.8653,R,roman,Dalboşeţ
19.8622,45.2522,RL,"roman,late-antique",Cusum
21.6383,44.6511,RL,"roman,late-antique",Cuppae
19.3758,45.224,RL,"roman,late-antique",Cuccium
22.3146,42.8753,RL,"roman,late-antique",Crna Trava
23.166,45.7065,HR,"hellenistic-republican,roman",Costeşti
19.1632,47.683,L,late-antique,Contra Constantiam
23.379,45.6182,R,roman,Comărnicel
23.2023,47.1469,R,roman,Certiae
21.5855,45.267,R,roman,Centum Putea
20.5858,46.1381,R,roman,Cenad
-3.0487,52.8718,ACHR,"archaic,classical,hellenistic-republican,roman",Old Oswestry
-6.2213,39.9486,R,roman,Las Brujas
-8.5845,39.2599,H,hellenistic-republican,Alto do Castelo
-1.2667,47.3362,L,late-antique,*Sella
1.3887,44.496,L,late-antique,Mercurius
0.5546,47.3838,L,late-antique,*Malliacum
-0.6614,45.1291,RL,"roman,late-antique",Blauto/Blavia
16.3739,48.2113,RLM,"roman,late-antique,modern",Vindobona
16.8433,48.41,RL,"roman,late-antique",Stillfried
16.8678,48.1133,RLM,"roman,late-antique,modern",Petronell
16.3735,48.559,HRL,"hellenistic-republican,roman,late-antique",Oberleiserberg
16.579,48.9056,R,roman,Mušov-Burgstall
16.1679,48.2455,R,roman,Mauerbach
16.325,48.305,RL,"roman,late-antique",Klosterneuburg
17.1497,48.056,RL,"roman,late-antique",Gerulata
16.052,48.331,RL,"roman,late-antique",Comagena
16.8679,48.1133,RL,"roman,late-antique",Carnuntum
16.6167,48.1167,RL,"roman,late-antique",Aequinoctium
7.9483,48.4239,R,roman,Zunsweier
11.4064,48.7128,R,roman,Zuchering
9.6422,48.8714,R,roman,Welzheim
11.2639,48.8839,R,roman,Vetoniana
9.1774,49.7753,R,roman,Trennfurt
10.8264,48.6463,RRL,"roman,roman-early-empire-late-antique,late-antique",Summuntorium
8.6318,48.3624,R,roman,Sulz
12.8376,48.8272,R,roman,Steinkirchen
12.5964,48.8868,RL,"roman,late-antique",Sorviodurum
8.9755,50.0434,R,roman,Seligenstadt
9.7769,48.7867,R,roman,Schirenhof
10.4805,49.0464,R,roman,Ruffenhofen
12.0982,49.0195,RLM,"roman,late-antique,modern",Reginum/Castra Regina
11.0035,48.3387,RL,"roman,late-antique",Rederzhausen
36.9394,33.0554,R,roman,Khirbet el-Umbashi
36.8719,33.6708,RL,"roman,late-antique",Khan esh-Shamat
36.8752,33.9414,R,roman,Khan el-Jennajil
36.9898,34.0334,R,roman,Khan el-Abyad
36.4719,33.6382,RL,"roman,late-antique",Khan Aiyash
37.329,33.3059,R,roman,Jebel Seis
36.5231,33.355,R,roman,el-Hijan
35.3976,32.5652,RL,"roman,late-antique",Giv'at Qumi
36.86,32.8053,RL,"roman,late-antique",Diyatheh
36.739,33.4091,R,roman,Deir Jenube
36.6042,32.9867,R,roman,Deir esh-Shair
36.6223,32.3495,R,roman,Deir el-Meyas
35.8151,33.7975,H,hellenistic-republican,Brochoi
36.7756,33.2926,R,roman,Bir Qesab
38.0821,34.3855,RL,"roman,late-antique",Veriaraca
35.812,34.449,E1CHHRRRTLLCMASMCCIOTE1OLKOM,"egyptian-hittite-levant,1200-bc-middle-east,classical,hellenistic-middle-east,hellenistic-republican,roman-middle-east,roman-early-empire-parthian-middle-east,roman,transition-roman-early-empire-late-antique,late-antique,late-antique-sasanian-middle-east",Tripolis
38.813,35.8017,L,late-antique,Tetrapyrgium
38.1308,34.7499,R,roman,Tahun el-Masek
37.2213,35.1943,RL,"roman,late-antique",Sabboura
37.9837,34.961,R,roman,Rasm es-Shaar
38.9111,35.0744,RL,"roman,late-antique",Oriza/Oruba/Oresa
37.932,35.3825,RL,"roman,late-antique",Khirbet el-Beida
38.9571,35.2707,RL,"roman,late-antique",Juwal
37.6205,34.4111,RL,"roman,late-antique",Heliaramia
38.733,34.7787,RL,"roman,late-antique",Helela
37.6658,34.298,R,roman,Harbaqa
38.3105,34.1828,R,roman,el-Mleke
38.5547,35.9261,RL,"roman,late-antique",Dausara
37.8321,34.267,RL,"roman,late-antique",Cunna?
38.8054,35.5038,RL,"roman,late-antique",Cholle
38.1368,34.7818,R,roman,Bir Weshel
35.8594,34.8584,2CHRLCM,"2nd-millenium-bce,classical,hellenistic-republican,roman,late-antique,crusader-seljuq-ayyubid-levant,modern",Arados
37.6512,35.6847,RL,"roman,late-antique",Ammattha
37.6075,34.1891,R,roman,al-Basiri
38.8829,34.9009,RL,"roman,late-antique",Adada?
5.0103,52.1066,R,roman,Vleuten-De Meern
4.6675,52.454,R,roman,Velsen
5.1216,52.0907,RLM,"roman,late-antique,modern",Traiectum
4.4336,52.18,RLM,"roman,late-antique,modern",Praetorium Agrippinae
4.7272,52.1058,RM,"roman,modern",Nigrum Pullum
4.5184,52.1503,R,roman,Matilo
4.393,52.212,R,roman,Lugdunum
5.9875,51.9208,R,roman,Loo-Loowaard
5.3528,51.9625,R,roman,Levefanum?
4.8827,52.0857,R,roman,Laurum
5.9414,51.9374,RL,"roman,late-antique",Huissen-Hazebergh
6.1283,51.8133,RL,"roman,late-antique",Harenatium
5.3508,51.7998,RL,"roman,late-antique",Grinnes
5.1642,52.0585,R,roman,Fectio
5.6279,52.3007,R,roman,Ermelo
5.8144,51.961,R,roman,Driel-Baarskamp
5.8736,51.9708,RL,"roman,late-antique",Castra Herculis?
5.5625,51.9297,R,roman,Carvo?
6.0875,51.8686,R,roman,Carvium
8.4729,52.0139,R,roman,Bielefeld
7.3912,53.2463,R,roman,Bentumersiel
4.658,52.1284,R,roman,Albaniana
54.4232,37.1062,HRL,"hellenistic-republican,roman,late-antique",Sadd-i Eskandar/Sadd-i Anushirvan/Qizil Alan
54.0697,36.7333,RL,"roman,late-antique",Kharabshahr/[Tamis]?/[Tammisha]?
-5.6337,50.1487,IRL,"iron-age-britain,roman,late-antique",Chûn Castle
53.1727,30.1914,CAHR,"classical,achaemenid-middle-east,hellenistic-republican,roman",Pasargadae/Batrakatash
51.499,30.063,RL,"roman,late-antique",Nurabad
-3.2095,51.8898,R,roman,Pen-y-Gaer Roman fort
40.2175,37.3914,RL,"roman,late-antique",Siphrios
41.5324,38.0356,L,late-antique,Shukaraba
40.8897,37.5379,L,late-antique,Sauras
39.5979,40.0278,RL,"roman,late-antique",Satala
41.0718,37.1225,L,late-antique,Sargathon
41.628,37.1316,L,late-antique,Sarbane/Sisara
40.5584,38.4682,L,late-antique,Saphchai
41.9819,37.2642,RL,"roman,late-antique",Sapha/Thilsaphata?
41.1455,38.0854,L,late-antique,*Samocharta
41.4131,37.7142,L,late-antique,(Ris)Kepha(s)
41.6091,37.2221,L,late-antique,Rhabdion
40.5474,38.3653,L,late-antique,Pheison
39.8994,39.0067,L,late-antique,Palios
41.7898,37.3511,L,late-antique,Mindon
39.1442,38.1611,RL,"roman,late-antique",Metita
39.6237,39.0067,L,late-antique,Mertikerton
40.9576,37.4162,L,late-antique,Matzaron
40.7351,37.3122,1RRTLLPCEAMECCIMOTE1POLOM,"1200-bc-middle-east,roman-middle-east,roman,transition-roman-early-empire-late-antique,late-antique,late-antique-sasanian-middle-east,persian-medieval-caucasus,caliphate-umayyad-middle-east,early-byzantine,abassid-middle-east,middle-byzantine,early-medie",Marde/Margdis
40.5007,37.3312,RL,"roman,late-antique",Mambouta/Mambrathon
40.6414,38.8391,L,late-antique,Kitharizon
39.1179,38.2676,RL,"roman,late-antique",Kerefto
40.9093,37.6425,L,late-antique,Idriphthon
39.099,38.3362,L,late-antique,Hüşükani
40.7307,37.2302,L,late-antique,Horren/Lorne
39.3333,39.9833,RL,"roman,late-antique",Haza/Hassis
45.5756,38.7084,CH,"classical,hellenistic-republican",Halaqu Qal'eh
39.4742,37.1251,RL,"roman,late-antique",Ganaba
40.5517,38.5125,RL,"roman,late-antique",(E)Legerda/Illyrisos
40.2109,38.3625,RL,"roman,late-antique",Dabanas
41.1,37.9866,RL,"roman,late-antique",Colchana
41.4843,38.0262,CL,"classical,late-antique",Chlomaron
40.9584,37.7926,RL,"roman,late-antique",Birthon/Virta?
42.0462,37.4032,L,late-antique,Bezabde/Zabdaion Chorion
41.0679,37.3469,L,late-antique,Beioubaitha
39.1967,38.0881,RL,"roman,late-antique",Barsalium
40.8384,37.3152,L,late-antique,*Banabela
39.9525,38.7055,RL,"roman,late-antique",Balisbiga/Baioulous
40.7522,38.347,L,late-antique,Attachas
40.3497,39.3121,L,late-antique,*Artales/*Arda?
39.7667,38.2667,L,late-antique,Arsinia
42.1864,37.8472,L,late-antique,*Aribacha
41.453,38.0419,L,late-antique,*Aphoumon/Kish
41.0389,38.2635,L,late-antique,Akbas
42.1111,36.3591,CUERRRTLL,"chalcolithic-mesopotamia,ubaid-early-dynastic-ii-mesopotamia,early-dynastic-mesopotamia,roman-middle-east,roman-early-empire-parthian-middle-east,roman,transition-roman-early-empire-late-antique,late-antique,late-antique-sasanian-middle-east",Ain Sinu/Zagurae?
44.6819,42.8171,RL,"roman,late-antique",Cumania/Biraparach/Iouroeipaach
43.5706,40.5063,HRMM,"hellenistic-republican,roman,mediaeval-byzantine,modern",Ani
-3.8419,56.2952,R,roman,Kaims Castle
-3.8742,53.0976,R,roman,Caer Llugwy
-2.0557,50.8271,I,iron-age-britain,Badbury Rings
-2.708,55.5869,I,iron-age-britain,Eildon Hill hill fort
-2.5739,51.3936,I,iron-age-britain,Maes Knoll hill fort
-3.2628,51.1467,I,iron-age-britain,Trendle Ring
-2.3649,55.8358,R,roman,Edin's Hall Broch
21.0283,44.6983,RL,"roman,late-antique",Castra Margensia
21.1641,45.9102,R,roman,Cărani
22.4746,44.6752,RL,"roman,late-antique",*Caput Bovis
23.9494,43.9367,R,roman,Căciulăteşti
20.2833,44.95,RL,"roman,late-antique",Burgenae
23.3816,45.1787,R,roman,Bumbeşti
22.1056,46.0047,R,roman,Bulci
22.6295,44.1766,RL,"roman,late-antique",Bukovče
23.0447,47.0483,R,roman,Buciumi
21.7698,44.6434,L,late-antique,Brnjica
21.5833,43.0832,L,late-antique,Bregovina
19.8571,44.2213,L,late-antique,Brangović
22.0348,44.516,RL,"roman,late-antique",Boljetin
23.4952,43.8911,RL,"roman,late-antique",Bistreţu
21.6294,45.4265,R,roman,‘Berzobis’
22.6806,44.5147,R,roman,Batoţi
22.9824,43.9758,R,roman,Basarabi
20.6367,44.2869,RL,"roman,late-antique",Banja
21.7883,43.2439,RL,"roman,late-antique",Balainac
20.7896,44.6307,RL,"roman,late-antique",*Aureus Mons
21.5439,45.0836,RL,"roman,late-antique",Arcidava
21.3151,46.1468,R,roman,Aradul Nou
23.5723,46.0667,R,roman,Apulum
23.2375,43.8256,RL,"roman,late-antique",Almus
20.5333,44.7667,RL,"roman,late-antique",Ad Sextum
21.9827,44.6041,RL,"roman,late-antique",Ad Scorfulas
22.3068,45.1686,R,roman,Ad Pannonios
22.5019,44.2224,RL,"roman,late-antique",Ad Aquas?
20.2606,45.1374,RL,"roman,late-antique",Acumincum
23.0635,46.2738,R,roman,Abrud
17.2441,46.7116,RRL,"roman,roman-early-empire-late-antique,late-antique",Volgum
18.8651,47.1298,RLM,"roman,late-antique,modern",Vetus Salina
19.0351,47.8247,L,late-antique,Verőce
19.073,47.665,RLM,"roman,late-antique,modern",Ulcisia Castra/Castra Constantia
16.7293,43.6073,RL,"roman,late-antique",Tilurium
18.9881,45.4838,RL,"roman,late-antique",Teutoburgium
18.8668,47.8181,L,late-antique,Szob
17.3904,47.7361,RL,"roman,late-antique",Quadrata
18.9801,47.7982,RL,"roman,late-antique",*Ponte Navata
18.8821,46.6557,RL,"roman,late-antique",Lussonium
18.7613,46.0911,RL,"roman,late-antique",Lugio/Florentia
18.1992,47.7444,RL,"roman,late-antique",Kelamantia
18.0833,46.427,RL,"roman,late-antique",Iovia
18.2906,43.9902,RL,"roman,late-antique",Hedum Castellum Daesitiatium
18.6766,47.727,RL,"roman,late-antique",Gardellaca/Cardabiaca
13.9052,45.8893,RL,"roman,late-antique",Fluvio Frigido/Castra
18.7706,45.6268,RL,"roman,late-antique",‘Donatianis’?
18.5386,47.7588,RL,"roman,late-antique",Crumerum
19.0991,45.297,RL,"roman,late-antique",Cornacum
17.5108,45.8544,RL,"roman,late-antique",‘Cardono’/Iovia
19.0409,47.4984,R,roman,Buda
18.2578,47.7279,RL,"roman,late-antique",‘Azao’
19.0483,47.5588,RL,"roman,late-antique",Aquincum Castra
18.9215,46.8683,RL,"roman,late-antique",Annamatia
18.6839,45.9561,RL,"roman,late-antique",Altinum
18.7902,46.4236,RL,"roman,late-antique",Alta Ripa
18.7579,46.3126,RL,"roman,late-antique",Alisca
17.8998,47.7362,RL,"roman,late-antique",Ad Statuas?
18.687,46.2488,RL,"roman,late-antique",Ad Statuas
18.8068,45.8019,RL,"roman,late-antique",Ad Novas
18.0154,47.7106,RL,"roman,late-antique",Ad Mures
17.2694,47.8744,RL,"roman,late-antique",Ad Flexum
8.8193,47.9831,R,roman,Tuttlingen
11.1705,46.5665,L,late-antique,[Tesana]
11.1931,46.5378,L,late-antique,[Sermiana]
10.621,47.9698,RL,"roman,late-antique",Schlingen
9.0448,47.1602,R,roman,Schaenis
9.5086,47.1639,L,late-antique,Schaan
10.64,48.0611,RL,"roman,late-antique",Rostrum Nemaviae
12.9834,46.1745,L,late-antique,Reunia
13.0828,46.256,L,late-antique,Osopus
13.2797,46.2047,RL,"roman,late-antique",[Nemas]
11.2961,46.5343,L,late-antique,[Maletum]
13.1398,46.2771,RL,"roman,late-antique",[Glemona]
10.7004,47.5697,L,late-antique,*Foetes
9.1296,47.1192,R,roman,Filzbach
11.2896,46.3376,RL,"roman,late-antique",[Enemase]
11.202,47.6374,RL,"roman,late-antique",Coveliacae?
11.2219,46.1747,HRL,"hellenistic-republican,roman,late-antique",[Castrum Cimbra]
13.7337,45.7075,R,roman,Castellum Pucinum
8.4825,47.9194,RL,"roman,late-antique",*Brigobannis
11.358,46.4967,L,late-antique,[Bauzanum]
11.4555,46.0524,RL,"roman,late-antique",Ausucum
13.1539,46.2373,RL,"roman,late-antique",[Artenia]
9.4369,47.5151,RLM,"roman,late-antique,modern",Arbor Felix
11.2588,46.4558,RL,"roman,late-antique",[Appianum]
9.1418,47.1491,R,roman,Amden
8.2202,47.4785,HRLM,"hellenistic-republican,roman,late-antique,modern",Vindonissa
3.5482,45.8553,L,late-antique,Thigernum
0.4108,41.4629,H,hellenistic-republican,Torre de los Moros
1.6778,42.033,H,hellenistic-republican,Tentellatge
9.4648,34.4417,RL,"roman,late-antique",Ksar-Graouch
8.0818,35.4175,RL,"roman,late-antique",Henchir-el-Ksour
9.5208,34.1217,R,roman,Henchir-el-Jerbi
8.4553,35.5654,RLM,"roman,late-antique,mediaeval-byzantine",Ammaedara
8.4648,35.251,RL,"roman,late-antique",Ain-Bou-Driès
6.2548,35.4902,RLM,"roman,late-antique,modern",Lambaesis
5.9011,35.6781,L,late-antique,Ksar Belezma
2.4689,35.89,R,roman,Kherba des Ouled Hellal
6.7974,35.5967,L,late-antique,Henchir Guessès
7.3025,34.994,RL,"roman,late-antique",Guentis
5.5229,34.6366,RL,"roman,late-antique",Gemellae
4.4211,34.8848,RL,"roman,late-antique",el Gahra
5.1044,34.6023,RL,"roman,late-antique",Doucen
7.3007,34.7031,RL,"roman,late-antique",Djenndel
3.2457,34.6749,RL,"roman,late-antique",Djelfa
4.0394,34.4603,RL,"roman,late-antique",Dechret Kamra
5.4279,35.9628,RL,"roman,late-antique",Centenarium Solis
5.1188,35.0882,L,late-antique,Centenarium Aqua Viva
3.4984,34.1558,R,roman,Castellum Dimmidi
5.8053,35.1114,RL,"roman,late-antique",Burgus Speculatorius Commodianus
5.6169,35.1001,RL,"roman,late-antique",Burgus Speculatorius Antoninianus
5.9126,34.5868,L,late-antique,Bourada
6.6712,34.7502,RL,"roman,late-antique",Badias
4.5355,36.4617,RL,"roman,late-antique",Ausum
4.0993,34.6798,R,roman,Ain Rich
4.1397,35.4539,RL,"roman,late-antique",Ain Khermane
2.9553,34.6647,R,roman,Ain el Hammam
5.9379,35.2324,RL,"roman,late-antique",Ad Duo Flumina?
24.6258,41.303,HR,"hellenistic-republican,roman",Tower in R. Nestos Valley
24.6891,40.5966,C,classical,Thymonia
24.6975,40.6559,H,hellenistic-republican,Theologo
24.6669,40.5956,CH,"classical,hellenistic-republican",Stin Trypiti
23.8955,41.0986,R,roman,Skopia
24.9978,41.137,R,roman,Philia
24.5386,40.6318,CHR,"classical,hellenistic-republican,roman",Phari
23.5915,41.1968,R,roman,Oreini
24.831,41.1782,RL,"roman,late-antique",Makario
24.0828,40.7374,R,roman,Loutra Eleutheron
24.6666,40.578,CH,"classical,hellenistic-republican",Kalami
24.65,40.6833,CH,"classical,hellenistic-republican",Helleniko
23.7302,41.6289,RL,"roman,late-antique",Ciropolis
23.8474,40.8204,CHRLMM,"classical,hellenistic-republican,roman,late-antique,mediaeval-byzantine,modern",Amphipolis
24.5928,40.6615,H,hellenistic-republican,Ag. Vassilis
23.427,41.4566,R,roman,Vranja
23.3882,41.8797,RL,"roman,late-antique",Razlog
22.2292,40.0658,CHR,"classical,hellenistic-republican,roman",Pythion
23.4578,41.4185,R,roman,Piperica
22.0512,41.1849,L,late-antique,Mrežičko
23.4729,41.4661,RL,"roman,late-antique",Katunci
22.0583,41.6981,L,late-antique,Hadži Hamzali
22.7656,41.5011,RL,"roman,late-antique",Drvoš
22.3772,41.5787,RL,"roman,late-antique",Damjan
3.6004,45.7838,L,late-antique,(Lo)Volautrum
8.1644,34.283,RL,"roman,late-antique",Unnamed Fort
55.3487,37.4005,HRL,"hellenistic-republican,roman,late-antique",Fort at Great Wall of Gorgan
6.0134,36.657,RL,"roman,late-antique",Unnd
4.5549,36.6923,RL,"roman,late-antique",Unnd
4.6833,36.6856,RL,"roman,late-antique",Unnd
5.1995,36.0045,RL,"roman,late-antique",Unnd
8.8207,34.1197,R,roman,Unnd
9.1042,34.154,R,roman,Unnd
9.0796,34.145,R,roman,Unnd
8.8536,34.1258,R,roman,Unnd
8.8423,34.1197,R,roman,Unnd
9.1609,34.165,R,roman,Unnd
9.1391,34.1578,R,roman,Unnd
9.3807,34.1498,R,roman,Unnd
9.3514,34.1616,R,roman,Unnd
9.2695,34.1712,R,roman,Unnd
9.2417,34.1733,R,roman,Unnd
9.202,34.1684,R,roman,Unnd
9.3673,35.6239,R,roman,Unnd
9.4365,35.4918,R,roman,Unnd
8.2492,34.6535,R,roman,Unnd
8.5947,34.8576,,,Unnd
8.5019,34.8042,,,Unnd
4.087,35.8486,RL,"roman,late-antique",Unnd
4.5464,35.6022,RL,"roman,late-antique",Unnd
4.1351,35.1379,RL,"roman,late-antique",Unnd
4.1649,35.2318,RL,"roman,late-antique",Unnd
4.0257,35.2199,RL,"roman,late-antique",Unnd
4.2667,35.1593,RL,"roman,late-antique",Unnd
10.1677,36.6046,R,roman,Unnd
10.0688,36.6045,R,roman,Unnd
10.1819,36.5902,R,roman,Unnd
10.0265,36.6059,R,roman,Unnd
5.1355,35.129,RL,"roman,late-antique",Unnd
5.25,35.145,RL,"roman,late-antique",Unnd
5.776,35.4986,RL,"roman,late-antique",Unnd
4.4077,34.7278,RL,"roman,late-antique",Unnd
4.2768,34.7328,RL,"roman,late-antique",Unnd
4.3442,34.7775,RL,"roman,late-antique",Unnd
4.5342,34.8905,RL,"roman,late-antique",Unnd
4.4436,34.8266,RL,"roman,late-antique",Unnd
4.4082,34.7288,RL,"roman,late-antique",Unnd
-2.4841,55.484,R,roman,Cappuck
-3.1806,55.2802,R,roman,Raeburnfoot
-2.0575,51.1958,I,iron-age-britain,Knook Castle hill fort
23.0939,42.5609,RL,"roman,late-antique",Kralev dol
22.046,42.6178,RL,"roman,late-antique",Korbevac
23.1122,42.6028,RL,"roman,late-antique",Daskalovo
22.7833,42.6167,RL,"roman,late-antique",Chepino
21.0108,38.6905,CH,"classical,hellenistic-republican",Zavitsa
20.9494,38.6413,CH,"classical,hellenistic-republican",Xylokastro 2
20.9003,38.7944,CH,"classical,hellenistic-republican",Xylokastro 1
20.5241,39.6439,CH,"classical,hellenistic-republican",Vrosina
20.7134,38.6835,CH,"classical,hellenistic-republican",Vlikho
20.7925,38.8588,CH,"classical,hellenistic-republican",Vigla
20.6232,38.6282,CH,"classical,hellenistic-republican",Vasiliki
20.6711,38.2043,CH,"classical,hellenistic-republican",Rakhi
20.2083,39.5399,ACHR,"archaic,classical,hellenistic-republican,roman",Pyrgos
20.7087,38.6342,CH,"classical,hellenistic-republican",Poros
20.3094,39.5768,CH,"classical,hellenistic-republican",Philiates
20.7632,38.7702,ACH,"archaic,classical,hellenistic-republican",Phagia
21.2557,39.093,CH,"classical,hellenistic-republican",Patiopoulo
20.5961,38.3145,CH,"classical,hellenistic-republican",Palatia
20.6817,38.6866,CH,"classical,hellenistic-republican",Palaiokatouna
20.6788,38.1604,CH,"classical,hellenistic-republican",Palaiokastro
20.38,39.9296,CH,"classical,hellenistic-republican",Palaiokastro
20.57,38.331,CH,"classical,hellenistic-republican",Mazata
20.6784,38.6957,CH,"classical,hellenistic-republican",Mavroneri
21.1979,38.6507,CH,"classical,hellenistic-republican",Lykovitsi
20.5827,38.3231,CH,"classical,hellenistic-republican",Logarata
20.7845,40.0381,L,late-antique,Konitsa
20.7975,38.7971,CH,"classical,hellenistic-republican",Kokkino Stephani
20.8782,39.3725,CH,"classical,hellenistic-republican",Kleisoura 2
20.696,38.6599,CH,"classical,hellenistic-republican",Katokhori
20.8247,39.3963,H,hellenistic-republican,Kato Mousiotitsa
20.6758,38.1894,CH,"classical,hellenistic-republican",Kastro tou Sordatou
20.7595,38.7864,H,hellenistic-republican,Kastri Lithies
20.9909,38.6495,CH,"classical,hellenistic-republican",Kastellaki
20.2649,39.6221,RL,"roman,late-antique",Kasnetsi
20.6197,39.6872,CH,"classical,hellenistic-republican",Kalokhori
20.888,38.7962,HR,"hellenistic-republican,roman",Kakavoula
21.1315,39.0425,C,classical,Idomene Maior
21.1576,38.9868,CH,"classical,hellenistic-republican",Ellenikouli
21.3683,39.7678,CH,"classical,hellenistic-republican",Elleniko Stathmo
20.7303,38.3226,CH,"classical,hellenistic-republican",Elleniko
20.7055,38.7207,CH,"classical,hellenistic-republican",Elleniko
21.28,38.5234,CHL,"classical,hellenistic-republican,late-antique",Duo Ekklesies
20.3512,39.5091,H,hellenistic-republican,Dramese
20.032,39.8437,CH,"classical,hellenistic-republican",Çuke
19.6595,39.7227,H,hellenistic-republican,Aphionas
21.1133,39.0455,CH,"classical,hellenistic-republican",Agriliais
20.5754,39.4905,HR,"hellenistic-republican,roman",Ag. Kyriake
28.905,40.9813,L,late-antique,Strongylion/Kyklobion
25.52,36.9958,HR,"hellenistic-republican,roman",Pyrgos Chimarrou
-4.6799,37.6808,H,hellenistic-republican,Castra Postumiana?
-8.5796,39.6568,HR,"hellenistic-republican,roman",Formigais
-6.3708,39.4762,HRL,"hellenistic-republican,roman,late-antique",Castra Caecilia
-6.3238,39.3749,HR,"hellenistic-republican,roman",Castillo del Puerto
-8.3409,37.7112,R,roman,Castelo de Garvão
-5.6507,37.4696,ACHRLM,"archaic,classical,hellenistic-republican,roman,late-antique,mediaeval-byzantine",Carmo
15.223,37.0913,CH,"classical,hellenistic-republican",Euryelos
13.9075,37.1059,CH,"classical,hellenistic-republican",Eknomos?
23.4823,38.0278,CH,"classical,hellenistic-republican",Unnd
23.7732,37.8066,H,hellenistic-republican,Vouliagmeni
23.4743,38.1395,C,classical,Velatouri
23.9214,38.2245,C,classical,Varnava
23.8061,37.8298,C,classical,Vari
23.612,38.2129,C,classical,Tsoukrati
23.6446,37.9372,ACHRLM,"archaic,classical,hellenistic-republican,roman,late-antique,modern",Peiraieus/Piraeus
23.9444,38.167,CHR,"classical,hellenistic-republican,roman",Oinoe
23.9667,37.85,H,hellenistic-republican,Merenda
23.3701,38.1699,C,classical,Mazi
23.6934,38.1997,C,classical,Limiko
23.7243,38.1272,AC,"archaic,classical",Leipsydrion
24.0544,38.1443,CH,"classical,hellenistic-republican",Kynosoura
23.5171,38.156,CH,"classical,hellenistic-republican",Korynos
24.0387,37.8706,H,hellenistic-republican,Koroni
23.4608,38.0365,CHRL,"classical,hellenistic-republican,roman,late-antique",Kerata
23.7842,38.1845,CH,"classical,hellenistic-republican",Katsimidi
23.833,38.0963,H,hellenistic-republican,Kastraki
23.7712,37.9673,CH,"classical,hellenistic-republican",Kaisariani
23.8141,37.9399,CH,"classical,hellenistic-republican",Hymettos
23.7575,37.936,H,hellenistic-republican,Helioupolis
23.7194,38.0593,CH,"classical,hellenistic-republican",Geravouno
23.9584,38.0052,H,hellenistic-republican,Etosi
23.6732,38.0714,CHRL,"classical,hellenistic-republican,roman,late-antique",Dema
23.8167,38.2167,CHRL,"classical,hellenistic-republican,roman,late-antique",Beletsi
23.9462,38.1179,CH,"classical,hellenistic-republican",Agrieliki
24.2934,37.6115,CH,"classical,hellenistic-republican",Psaropyrgos
22.6714,37.5873,C,classical,Pyramid of Kenchreai
14.4103,30.2481,RL,"roman,late-antique",Umm el-Gueloub
9.6162,33.0086,RLM,"roman,late-antique,modern",Tisavar
10.3978,32.3175,RL,"roman,late-antique",Tillibari
12.262,31.9304,RL,"roman,late-antique",Thenteos
10.5398,32.5914,RL,"roman,late-antique",Thebelami
14.55,31.6998,RL,"roman,late-antique",Sdada
10.3842,32.9664,RL,"roman,late-antique",Ras el-Ain Tlalet
12.4588,31.6678,RL,"roman,late-antique",Novum Centenarium
12.8675,31.914,RL,"roman,late-antique",Medina Ragda
9.2277,33.4758,RL,"roman,late-antique",Ksar Tabria
9.6319,33.3941,L,late-antique,Ksar Chetaoua
15.4129,30.5782,RLM,"roman,late-antique,modern",Gholaia
13.5904,30.3913,RL,"roman,late-antique",Gheriat esh-Shergia
13.4184,30.4205,RL,"roman,late-antique",Gheriat el-Garbia
15.1712,30.5945,R,roman,Gasr Zerzi
12.7078,31.6784,RL,"roman,late-antique",Gasr Wames
14.7265,31.5042,RL,"roman,late-antique",Gasr Isawi
14.8784,31.0573,RL,"roman,late-antique",el-Faschia
9.8004,33.2161,LM,"late-antique,modern",Centenarium Tibubuci
9.9835,32.9828,L,late-antique,Bir Mahalla
9.5051,33.4972,RL,"roman,late-antique",Bezereos
10.1787,33.2039,L,late-antique,Benia bel Recheb
12.4829,31.9828,RL,"roman,late-antique",Auru
10.703,32.011,RL,"roman,late-antique",Ad Amadum
7.5711,35.8814,RL,"roman,late-antique",Unnd
4.3552,34.6933,RL,"roman,late-antique",Unnd
4.9579,35.2097,RL,"roman,late-antique",Zerbaret et Tir
6.6417,35.4082,L,late-antique,Yabous
5.3856,34.7314,RL,"roman,late-antique",Tolga
4.9997,34.3973,RL,"roman,late-antique",Sidi Khaled
5.7378,35.0761,RL,"roman,late-antique",Seba Mgata
7.5566,34.3977,RL,"roman,late-antique",Negrenenses Maiores/Ad Maiores
3.6827,35.1471,RL,"roman,late-antique",Medjedel
7.4,34.6333,RL,"roman,late-antique",Midili?
5.1752,35.1288,RL,"roman,late-antique",M'Doukal
-3.9268,52.9297,R,roman,Tomen y mur
32.0405,38.2991,HL,"hellenistic-republican,late-antique",Zaferiye
30.2788,39.5114,L,late-antique,Kayser Kale
30.1154,38.3239,H,hellenistic-republican,Hisar
29.9814,39.3314,L,late-antique,Gelinkaya
30.1174,39.0804,L,late-antique,Altıntaş
29.2339,39.412,L,late-antique,[Akrokos]
26.7345,37.3912,CHR,"classical,hellenistic-republican,roman",Unnd
26.8738,37.1112,CH,"classical,hellenistic-republican",Xerokambos
27.0195,37.7311,,,Tsoko
37.936,26.7387,HR,"hellenistic-republican,roman",Qubur al-Jundi
38.1344,25.0809,R,roman,Qal'eh al-Farah
32.9833,17.6833,HR,"hellenistic-republican,roman",Boron
1.3493,51.9612,L,late-antique,Walton Castle
-1.3014,52.4945,RL,"roman,late-antique",Venonis
-3.4503,53.2573,RL,"roman,late-antique",Varis
-3.1814,51.4822,RLMM,"roman,late-antique,mediaeval-byzantine,modern",Tamion?
1.3327,51.2939,RL,"roman,late-antique",Rutupiae
-2.0032,53.5832,R,roman,Rigodounon?
1.2009,51.3794,RL,"roman,late-antique",Regulbium
1.3075,51.123,RLMM,"roman,late-antique,mediaeval-byzantine,modern",Portus Dubris
-1.1145,50.8371,L,late-antique,Portus ‘Adurni’?
0.9407,51.7352,L,late-antique,Othona
-0.78,50.837,RLM,"roman,late-antique,modern",Noviomagus
-3.814,51.665,RL,"roman,late-antique",‘Nido’
-1.729,53.3414,RL,"roman,late-antique",Navio
-2.2536,53.4756,RL,"roman,late-antique",‘Mamucio’
30.9672,21.5002,AH,"archaic,hellenistic-republican",Semna
31.1886,21.7161,H,hellenistic-republican,Iken
31.2656,21.8403,AC,"archaic,classical",Dorginarti
32.886,23.562,R,roman,Contra Talmis
32.8868,23.6374,R,roman,Contra Tafis
32.774,23.1822,R,roman,Contra Pselchis
31.2185,21.8383,AHRL,"archaic,hellenistic-republican,roman,late-antique",Boon
-4.077,51.662,RL,"roman,late-antique",‘Leucaro’
-3.1718,52.5821,RL,"roman,late-antique",‘Lavobrinta’?
-1.3563,53.7259,R,roman,Lagentium
-3.8341,53.2161,RL,"roman,late-antique",Kanovium/Conovium
-3.018,51.822,RL,"roman,late-antique",‘Gobannio’
-3.2363,51.6591,RL,"roman,late-antique",Gelligaer
1.6512,52.5824,LM,"late-antique,modern",*Gariann(on)um
1.0839,51.2799,RLM,"roman,late-antique,modern",*Durovernum
-6.0807,53.5404,R,roman,Drumanagh
-2.8929,53.1915,RL,"roman,late-antique",Deva
1.0846,52.1342,RL,"roman,late-antique",Combretovium
-3.4517,51.9565,RL,"roman,late-antique",‘Cicutio’
-3.3844,52.2552,RL,"roman,late-antique",Castell Collen
-1.8744,53.6548,RL,"roman,late-antique",Camulodonum?
1.7193,52.65,RL,"roman,late-antique",Caister-on-Sea
-3.4339,52.5181,RL,"roman,late-antique",Caersws
-4.6328,53.3118,L,late-antique,Caer Gybi
-2.9025,51.7039,R,roman,‘Burrio’
-3.9848,52.1896,R,roman,Bremia
-2.8745,52.3612,R,roman,Branogenium
0.6528,52.964,L,late-antique,Branodunum
-3.2669,51.4064,R,roman,Barry
0.3346,50.8189,RL,"roman-early-empire-late-antique,late-antique",Anderidos
-3.7934,52.0012,RLM,"roman,late-antique,modern",Alabum
33.9418,26.0995,R,roman,Simiou?
35.4094,23.9316,R,roman,Siket
34.1397,24.7456,HR,"hellenistic-republican,roman",Rod el-Liqah
33.3976,25.9037,RLM,"roman,late-antique,modern",Krokodilo
32.6131,25.6224,RL,"roman,late-antique",Kastron Thebon
35.4087,23.8646,RRL,"roman,roman-early-empire-late-antique,late-antique",Kalalat 1
34.0564,25.1517,RL,"roman,late-antique",Iovis
34.4458,24.6794,RL,"roman,late-antique",‘Falacro’
33.8371,25.3284,RL,"roman,late-antique",Compasi
35.0542,24.3736,RL,"roman,late-antique",Cabalsi
33.5563,26.1275,RL,"roman,late-antique",Atalla
34.7481,24.4983,RL,"roman,late-antique",Apollonos
35.0019,24.3785,R,roman,Abu Hegilig South
35.0797,24.3326,RL,"roman,late-antique",Abu Ghalqa
30.6008,25.8103,RL,"roman,late-antique",Someira
30.5779,24.5826,RL,"roman,late-antique",el-Qosseir
30.7276,25.6072,RL,"roman,late-antique",el-Deir
33.3014,27.2861,RL,"roman,late-antique",Umm Sidra
34.2456,26.1523,R,roman,Qasr Hadie
33.4869,26.8092,RL,"roman,late-antique",Klaudianon
33.3071,27.212,R,roman,Footpath Station
33.308,27.255,RL,"roman,late-antique",Deir Sugheir Wadi Ma'amal
33.6775,26.4258,R,roman,Deir Semna
33.3022,27.2444,RL,"roman,late-antique",Deir Kebir Wadi Ma'amal
33.2887,26.3583,H,hellenistic-republican,Abu Gerida
13.7513,37.1958,CH,"classical,hellenistic-republican",Castello di Palma di Montechiaro
14.5226,37.6575,CHRM,"classical,hellenistic-republican,roman,mediaeval-byzantine",Agyrium
16.3111,39.6723,2ACH,"2nd-millenium-bce,archaic,classical,hellenistic-republican",Torre Mordillo
16.4444,40.1709,H,hellenistic-republican,Timpone del Ponto
15.7152,38.2537,AC,"archaic,classical",Scylla
15.8543,38.2642,AC,"archaic,classical",S. Eufemia
15.6414,38.2256,C,classical,Kainys
15.9405,38.3178,CH,"classical,hellenistic-republican",Castellace
15.1005,40.2591,CHR,"classical,hellenistic-republican,roman",Torricelli
5.4023,48.6391,HRL,"hellenistic-republican,roman,late-antique",Boviolles
-2.6345,50.6771,IM,"iron-age-britain,modern",Abbotsbury Castle
-1.3432,51.3114,I,iron-age-britain,Beacon Hill Hill fort
36.6138,37.8463,L,late-antique,Kanč'
38.0711,36.2063,RL,"roman,late-antique",Eragiza
32.9929,36.9427,L,late-antique,Antiochia Castellum
15.2921,37.8523,CHRLLM,"classical,hellenistic-republican,roman,late-antique,late-byzantine-ottoman-rise,modern",Tauromenium
14.9385,37.1936,ACH,"archaic,classical,hellenistic-republican",Styella?
13.1304,37.568,CH,"classical,hellenistic-republican",Rocca Nadore
14.0244,37.9812,H,hellenistic-republican,Pizzo S. Angelo
14.4231,37.9935,AC,"archaic,classical",Pizzo Cilona
15.2109,38.1415,C,classical,Monte S. Onofrio
13.6339,37.3195,ACH,"archaic,classical,hellenistic-republican",Monte Caltafaraci
13.8013,37.1944,C,classical,Montagna del Bosco
3.4146,34.9723,RL,"roman,late-antique",Unnd
10.8053,35.3863,R,roman,Unnd
3.2419,35.7746,RL,"roman,late-antique",Unnd
3.2947,35.8889,RL,"roman,late-antique",Unnd
3.3891,35.7961,RL,"roman,late-antique",Unnd
3.2451,35.9286,RL,"roman,late-antique",Unnd
7.4451,36.572,RL,"roman,late-antique",Unnd
7.4796,36.5707,RL,"roman,late-antique",Unnd
7.7284,36.5125,RL,"roman,late-antique",Unnd
7.5045,36.22,RL,"roman,late-antique",Unnd
23.376,37.9852,CH,"classical,hellenistic-republican",Unnd
23.5384,38.0438,CH,"classical,hellenistic-republican",Unnd
6.8135,35.2362,RL,"roman,late-antique",Unnd
6.7005,35.2048,RL,"roman,late-antique",Unnd
6.9696,35.4061,RL,"roman,late-antique",Unnd
6.666,34.6817,RL,"roman,late-antique",Unnd
5.8011,34.5614,RL,"roman,late-antique",Unnd
5.751,34.5836,RL,"roman,late-antique",Unnd
5.3276,34.6663,RL,"roman,late-antique",Unnd
5.1528,34.5671,RL,"roman,late-antique",Unnd
5.1175,34.7831,RL,"roman,late-antique",Unnd
5.86,34.8618,RL,"roman,late-antique",Unnd
5.8514,34.5703,RL,"roman,late-antique",Unnd
5.1067,34.552,RL,"roman,late-antique",Unnd
7.36,35.3774,RL,"roman,late-antique",Unnd
7.0262,35.9606,RL,"roman,late-antique",Unnd
7.0109,35.4221,RL,"roman,late-antique",Unnd
7.7517,34.2847,RL,"roman,late-antique",Unnd
8.7596,36.4146,,,Unnd
9.042,36.9293,HR,"hellenistic-republican,roman",Unnd
9.4477,36.489,,,Unnd
9.2188,36.4904,,,Unnd
9.8624,36.2797,H,hellenistic-republican,Unnd
9.986,36.605,H,hellenistic-republican,Unnd
9.9657,36.6043,H,hellenistic-republican,Unnd
-2.9241,54.9126,RL,"roman,late-antique",Milecastle 65 (Tarraby)
-2.9099,54.92,RL,"roman,late-antique",Milecastle 64 (Drawdykes)
-2.8887,54.929,RL,"roman,late-antique",Milecastle 63 (Walby West)
-2.9334,54.9055,RL,"roman,late-antique",Turret 65B
-2.9413,54.9021,RL,"roman,late-antique",Milecastle 66 (Stanwix Bank)
-1.8723,55.0082,RL,"roman,late-antique",Turret 15B
-1.8797,55.0093,RL,"roman,late-antique",Milecastle 16 (Harlow Hill)
-1.857,55.0057,RL,"roman,late-antique",Milecastle 15 (Whitchester)
-1.8647,55.007,RL,"roman,late-antique",Turret 15A
-1.903,55.0086,RL,"roman,late-antique",Milecastle 17 (Welton)
-1.9109,55.0087,RL,"roman,late-antique",Turret 17A (Welton East)
-1.8875,55.0092,RL,"roman,late-antique",Turret 16A
-1.8951,55.0089,RL,"roman,late-antique",Turret 16B
-1.9184,55.0093,RL,"roman,late-antique",Turret 17B
-1.9263,55.0098,RL,"roman,late-antique",Milecastle 18 (East Wallhouses)
-3.1012,54.9269,RL,"roman,late-antique",Milecastle 74 (Burgh Marsh)
-3.0934,54.9263,RL,"roman,late-antique",Turret 73B
-3.0859,54.9256,RL,"roman,late-antique",Turret 73A
-3.0785,54.9243,RL,"roman,late-antique",Milecastle 73 (Dykesfield)
-2.9897,54.914,RL,"roman,late-antique",Milecastle 69 (Sourmilk Bridge)
-3.1244,54.9276,RL,"roman,late-antique",Milecastle 75 (Easton)
-3.1165,54.9273,RL,"roman,late-antique",Turret 74B
-3.1092,54.9271,RL,"roman,late-antique",Turret 74A
-3.1456,54.9282,RL,"roman,late-antique",Milecastle 76 (Drumburgh)
-1.7898,54.997,RL,"roman,late-antique",Milecastle 12 (Heddon)
-1.782,54.9964,RL,"roman,late-antique",Turret 11B (Great Hill)
-1.8051,54.9994,RL,"roman,late-antique",Turret 12B (North Lodge)
-1.7976,54.9982,RL,"roman,late-antique",Turret 12A (Heddon West)
-1.8197,55.0015,RL,"roman,late-antique",Turret 13A (Rudchester East)
-1.8347,55.0037,RL,"roman,late-antique",Milecastle 14 (March Burn)
-1.8257,55.0024,RL,"roman,late-antique",Turret 13B (Rudchester West)
-1.8495,55.0047,RL,"roman,late-antique",Turret 14B
-1.8434,55.0038,RL,"roman,late-antique",Turret 14A (Eppies Hill)
-2.4078,55.0015,RL,"roman,late-antique",Turret 40A (Winshields)
-2.3915,55.0022,RL,"roman,late-antique",Turret 39B (Steelrigg)
-2.3631,55.0054,RL,"roman,late-antique",Turret 38A (Milking Gap)
-2.4232,54.9973,RL,"roman,late-antique",Milecastle 41 (Melkridge)
-2.4154,54.999,RL,"roman,late-antique",Turret 40B (Melkridge)
-3.0085,54.9166,RL,"roman,late-antique",Turret 69B
-2.8708,54.936,RL,"roman,late-antique",Milecastle 62 (Walby East)
-3.0188,54.9241,RL,"roman,late-antique",Turret 70A
-3.0274,54.9241,RL,"roman,late-antique",Turret 70B
-3.0344,54.9231,RL,"roman,late-antique",Milecastle 71 (Wormanby)
-3.0414,54.9224,RL,"roman,late-antique",Turret 71A
-3.0485,54.9225,RL,"roman,late-antique",Turret 71B
-3.056,54.9223,RL,"roman,late-antique",Milecastle 72 (Fauld Farm)
-3.0637,54.9218,RL,"roman,late-antique",Turret 72A
-3.0712,54.923,RL,"roman,late-antique",Turret 72B (Rindle Hill)
-2.6732,54.9739,RL,"roman,late-antique",Turret 52B
-1.7364,54.9936,RL,"roman,late-antique",Turret 9B (Walbottle)
-1.744,54.9952,RL,"roman,late-antique",Milecastle 10 (Walbottle Dene)
-1.7512,54.9958,RL,"roman,late-antique",Turret 10A (Throckley East)
-1.7589,54.996,RL,"roman,late-antique",Turret 10B (Throckley)
-1.7077,54.9879,RL,"roman,late-antique",Turret 8A (West Denton)
-1.7147,54.9893,RL,"roman,late-antique",Turret 8B (Union Hall)
-1.7223,54.9908,RL,"roman,late-antique",Milecastle 9 (Chapel House)
-1.7295,54.9922,RL,"roman,late-antique",Turret 9A
-1.7673,54.9961,RL,"roman,late-antique",Milecastle 11 (Throckley Bank Top)
-1.7747,54.9963,RL,"roman,late-antique",Turret 11A (Heddon Hall)
-2.4572,54.9952,RL,"roman,late-antique",Turret 42B (Great Chesters)
-2.4727,54.9953,RL,"roman,late-antique",Turret 43A (Cockmount Hill)
-2.4805,54.9952,RL,"roman,late-antique",Turret 43B (Allolee East)
-2.4383,54.9953,RL,"roman,late-antique",Turret 41B (Thorny Doors)
-2.4495,54.9933,RL,"roman,late-antique",Turret 42A (Burn Head)
-2.4879,54.9961,RL,"roman,late-antique",Milecastle 44 (Allolee)
-2.4951,54.9952,RL,"roman,late-antique",Turret 44A (Allolee West)
-3.2156,54.9533,RL,"roman,late-antique",Milecastle 80
-3.2064,54.9517,RL,"roman,late-antique",Turret 79B (Jeffrey Croft)
-1.6523,54.9753,RL,"roman,late-antique",Milecastle 6 (Benwell Grove)
-1.6446,54.9742,RL,"roman,late-antique",Turret 5B
-1.637,54.9729,RL,"roman,late-antique",Turret 5A
-1.629,54.9714,RL,"roman,late-antique",Milecastle 5 (Quarry House)
-1.6826,54.9819,RL,"roman,late-antique",Turret 7A
-1.6761,54.9803,RL,"roman,late-antique",Milecastle 7 (Benwell Bank)
-1.6688,54.9784,RL,"roman,late-antique",Turret 6B (Benwell Hill)
-1.6617,54.9769,RL,"roman,late-antique",Turret 6A
-1.7006,54.9865,RL,"roman,late-antique",Milecastle 8 (West Denton)
-2.518,54.9882,RL,"roman,late-antique",Turret 45B (Walltown West)
-2.5337,54.9879,RL,"roman,late-antique",Turret 46A
-2.5256,54.9876,RL,"roman,late-antique",Milecastle 46 (Carvoran)
-2.55,54.988,RL,"roman,late-antique",Milecastle 47 (Chapel House)
-2.5419,54.9877,RL,"roman,late-antique",Turret 46B (Wallend)
-2.5653,54.9896,RL,"roman,late-antique",Turret 47B (Gap)
-2.5577,54.9887,RL,"roman,late-antique",Turret 47A (Foultown)
-2.2047,55.0373,RL,"roman,late-antique",Turret 30A (Carrowburgh East)
-2.2121,55.0365,RL,"roman,late-antique",Turret 30B (Carrowburgh West)
-2.1897,55.0376,RL,"roman,late-antique",Turret 29B (Limestone Bank)
-2.1607,55.0311,RL,"roman,late-antique",Turret 28A
-2.1678,55.0326,RL,"roman,late-antique",Turret 28B
-2.8509,54.9397,RL,"roman,late-antique",Milecastle 61 (Wallhead)
-3.0133,54.921,RL,"roman,late-antique",Milecastle 70 (Braelees)
-2.2274,55.035,RL,"roman,late-antique",Turret 31A (The Strands)
-3.1617,54.9353,RL,"roman,late-antique",Milecastle 77 (Raven Bank)
-3.1531,54.929,RL,"roman,late-antique",Turret 76A (Drumburgh)
-3.1831,54.9447,RL,"roman,late-antique",Turret 78A (Kirkland)
-3.1869,54.9492,RL,"roman,late-antique",Turret 78B
-3.1793,54.9411,RL,"roman,late-antique",Milecastle 78 (Kirkland)
-3.1944,54.949,RL,"roman,late-antique",Milecastle 79 (Solway House)
-3.2007,54.9494,RL,"roman,late-antique",Turret 79A
-1.6227,54.9705,RL,"roman,late-antique",Turret 4B
-1.6184,54.9702,RL,"roman,late-antique",Milecastle 4 (Westgate Road)
-1.6087,54.9704,RL,"roman,late-antique",Milecastle 4?
-1.5961,54.9749,RL,"roman,late-antique",Turret 3A
-1.6024,54.9722,RL,"roman,late-antique",Turret 3B
-1.589,54.9759,RL,"roman,late-antique",Milecastle 3 (Ouseburn)
-2.6154,54.9856,RL,"roman,late-antique",Milecastle 50 (Turf Wall) (High House)
-2.6234,54.9858,RL,"roman,late-antique",Turret 50A (High House)
-2.6087,54.9877,RL,"roman,late-antique",Turret 49B (Turf Wall)
-2.6161,54.9872,RL,"roman,late-antique",Milecastle 50 (High House)
-2.6025,54.9897,RL,"roman,late-antique",Turret 49A
-2.1167,55.0217,RL,"roman,late-antique",Turret 26A (High Brunton)
-2.1393,55.0259,RL,"roman,late-antique",Turret 27A
-2.1318,55.0243,RL,"roman,late-antique",Milecastle 27 (Low Brunton)
-2.0941,55.0194,RL,"roman,late-antique",Turret 25A (Hill Head)
-2.0861,55.0192,RL,"roman,late-antique",Milecastle 25 (Codlawhill)
-2.1095,55.0203,RL,"roman,late-antique",Milecastle 26 (Planetrees)
-2.1019,55.0195,RL,"roman,late-antique",Turret 25B (St Oswald's)
-2.153,55.0292,RL,"roman,late-antique",Milecastle 28 (Walwick)
-2.1458,55.0276,RL,"roman,late-antique",Turret 27B
-2.8259,54.9445,RL,"roman,late-antique",Milecastle 60 (High Strand)
-1.5633,54.9808,RL,"roman,late-antique",Turret 1B
-1.5505,54.9835,RL,"roman,late-antique",Milecastle 1 (Stott's Pow)
-1.5435,54.9853,RL,"roman,late-antique",Turret 0B (St. Francis)
-2.6309,54.9827,RL,"roman,late-antique",Turret 50B (Turf Wall)
-2.6308,54.9845,RL,"roman,late-antique",Turret 50B (Appletree)
-2.6223,54.9843,RL,"roman,late-antique",Turret 50A (Turf Wall)
-1.5695,54.979,RL,"roman,late-antique",Milecastle 2 (Walker)
-2.3002,55.0267,RL,"roman,late-antique",Turret 34B
-2.2735,55.0301,RL,"roman,late-antique",Turret 33A
-2.2877,55.0286,RL,"roman,late-antique",Milecastle 34 (Grindon)
-2.2352,55.0342,RL,"roman,late-antique",Turret 31B (Carraw East)
-2.2588,55.0315,RL,"roman,late-antique",Turret 32B (Brown Moor)
-2.2504,55.0325,RL,"roman,late-antique",Turret 32A (Carraw West)
-2.7856,54.9554,RL,"roman,late-antique",Milecastle 58 (Newtown)
-2.7799,54.9586,RL,"roman,late-antique",Turret 57B
-2.7974,54.949,RL,"roman,late-antique",Turret 58B
-2.7915,54.9522,RL,"roman,late-antique",Turret 58A
-2.7632,54.9677,RL,"roman,late-antique",Turret 56B (Cambeck)
-2.755,54.9696,RL,"roman,late-antique",Turret 56A (Sandyside)
-2.7753,54.9622,RL,"roman,late-antique",Turret 57A (Beck)
-2.7698,54.9654,RL,"roman,late-antique",Milecastle 57 (Cambeckhill)
-2.812,54.9473,RL,"roman,late-antique",Turret 59A
-2.8049,54.9477,RL,"roman,late-antique",Milecastle 59 (Old Wall)
-2.0706,55.0188,RL,"roman,late-antique",Turret 24A (Green Field)
-2.0783,55.0192,RL,"roman,late-antique",Turret 24B (Tithe Barn)
-2.0102,55.0112,RL,"roman,late-antique",Turret 21B (Fence Burn)
-2.0177,55.0121,RL,"roman,late-antique",Milecastle 22 (Portgate)
-2.0252,55.0132,RL,"roman,late-antique",Turret 22A (Portgate)
-2.0327,55.0142,RL,"roman,late-antique",Turret 22B (Stanley)
-2.0404,55.015,RL,"roman,late-antique",Milecastle 23 (Stanley)
-2.0479,55.016,RL,"roman,late-antique",Turret 23A (Stanley Plantation)
-2.0556,55.017,RL,"roman,late-antique",Turret 23B (Wall Fell)
-2.741,54.9714,RL,"roman,late-antique",Turret 55B (Townhead Croft)
-2.7475,54.9715,RL,"roman,late-antique",Milecastle 56 (Walton)
-2.6813,54.9742,RL,"roman,late-antique",Milecastle 53 (Banks Burn)
-2.687,54.9742,RL,"roman,late-antique",Turret 53A (Hare Hill)
-2.6962,54.9734,RL,"roman,late-antique",Turret 53B (Craggle Hill)
-2.7035,54.9726,RL,"roman,late-antique",Milecastle 54 (Randylands)
-2.7116,54.9721,RL,"roman,late-antique",Turret 54A (Garthside)
-2.719,54.972,RL,"roman,late-antique",Turret 54B (Howgill)
-2.7264,54.9718,RL,"roman,late-antique",Milecastle 55 (Low Wall)
-2.7341,54.9717,RL,"roman,late-antique",Turret 55A (Dovecote)
-2.352,55.0103,RL,"roman,late-antique",Turret 37B (Hotbank Crag)
-2.3158,55.0217,RL,"roman,late-antique",Turret 35B (Busy Gap)
-2.3447,55.0116,RL,"roman,late-antique",Turret 37A (Rapishaw Gap)
-2.325,55.0165,RL,"roman,late-antique",Turret 36A
-1.9866,55.0122,RL,"roman,late-antique",Turret 20B (Downhill East)
-1.9804,55.0131,RL,"roman,late-antique",Turret 20A (Carr Hill)
-1.9721,55.0127,RL,"roman,late-antique",Milecastle 20 (Halton Shields)
-1.9644,55.0124,RL,"roman,late-antique",Turret 19B (West Clarewood)
-1.9567,55.0119,RL,"roman,late-antique",Turret 19A (East Clarewood)
-1.9492,55.0114,RL,"roman,late-antique",Milecastle 19 (Matfen Piers)
-1.9416,55.0109,RL,"roman,late-antique",Turret 18B (Wallhouses West)
-1.9338,55.0104,RL,"roman,late-antique",Turret 18A (Wallhouses East)
-2.9653,54.8988,RL,"roman,late-antique",Milecastle 67 (Stainton)
-2.9823,54.9051,RL,"roman,late-antique",Milecastle 68 (Boomby Gill)
-2.0035,55.0108,RL,"roman,late-antique",Turret 21A (Red House)
-1.9947,55.0112,RL,"roman,late-antique",Milecastle 21 (Down Hill)
39.7035,43.6291,RL,"roman,late-antique",Mamai-Kala
39.6631,40.4031,RL,"roman,late-antique",Longini Fossatum/Bourgousnoes
35.8733,40.9165,HR,"hellenistic-republican,roman",Kizari
36.852,40.7821,HR,"hellenistic-republican,roman",Kainon Chorion
40.0082,40.9429,L,late-antique,Kaine Parembole
41.49,42.6837,RL,"roman,late-antique",Ilori
39.5985,40.7616,L,late-antique,Gizenenica/Chaszanenica
38.1688,40.1547,HR,"hellenistic-republican,roman",Dasteira
40.1616,40.3945,L,late-antique,Charton
41.684,40.2292,L,late-antique,Bolon
41.6745,41.6499,ACHRL,"archaic,classical,hellenistic-republican,roman,late-antique",Batumistsikhe
38.5631,40.1661,H,hellenistic-republican,Basgoedariza
40.3327,40.4762,L,late-antique,Barchon
39.0944,40.107,RL,"roman,late-antique",Arauraka
19.1633,47.683,L,late-antique,Göd-Bócsaújtelep
-3.249,51.4674,I,iron-age-britain,Caerau Hillfort
-4.7453,52.018,I,iron-age-britain,Castell Henllys
26.2953,39.286,CH,"classical,hellenistic-republican",Drakou Pedema
26.1138,39.1428,AC,"archaic,classical",Bigla tou Aetou
27.3149,38.4546,ACH,"archaic,classical,hellenistic-republican",Belkahve
26.1753,39.2888,ACH,"archaic,classical,hellenistic-republican",Ametelle
27.0955,38.3211,H,hellenistic-republican,Akçakaya
21.3698,38.4173,CH,"classical,hellenistic-republican",Treis Ekklesies
22.9945,38.3711,CH,"classical,hellenistic-republican",Tilphosaion?
22.7257,38.7758,ACH,"archaic,classical,hellenistic-republican",Thronion
22.5383,38.7965,,,Thermopylae
21.9936,38.4877,CH,"classical,hellenistic-republican",Teichion?
23.6078,39.1973,CH,"classical,hellenistic-republican",Sindouka
22.3286,38.5993,ACHR,"archaic,classical,hellenistic-republican,roman",Sigditsa
23.0853,39.4751,ACH,"archaic,classical,hellenistic-republican",Sepias
22.5491,38.7718,CH,"classical,hellenistic-republican",Rhodountia
23.6051,39.2046,CH,"classical,hellenistic-republican",Priounos
22.5011,39.1147,CH,"classical,hellenistic-republican",Phyliadon
24.3907,38.1633,CH,"classical,hellenistic-republican",Philagra
22.0987,39.7538,CHR,"classical,hellenistic-republican,roman",Mylai?
23.5934,39.1945,CH,"classical,hellenistic-republican",Mauragani
23.6456,38.5016,CH,"classical,hellenistic-republican",Manika
22.0916,39.8762,CHR,"classical,hellenistic-republican,roman",Malloia
22.3966,39.7985,H,hellenistic-republican,Kondaia
22.8325,38.7841,CHR,"classical,hellenistic-republican,roman",Knemis
22.5495,39.1123,H,hellenistic-republican,Karandai
22.1711,38.5526,ACHRLM,"archaic,classical,hellenistic-republican,roman,late-antique,modern",Kallipolis
22.5837,38.7822,CH,"classical,hellenistic-republican",Kallidromon
23.5932,39.2015,CH,"classical,hellenistic-republican",Helleniko
23.1819,38.4841,CH,"classical,hellenistic-republican",Gla
23.3749,38.1797,AC,"archaic,classical",Eleutherai
22.1518,38.5259,ACHR,"archaic,classical,hellenistic-republican,roman",Dorikon
22.0646,39.1077,CHR,"classical,hellenistic-republican,roman",Angeia
23.4459,39.1962,CH,"classical,hellenistic-republican",Ag. Athanasios
36.4025,35.4222,R,roman-middle-east,Casiana
-2.7515,53.0709,I,iron-age-britain,"Maiden Castle, Cheshire"
15.0198,40.2554,CHR,"classical,hellenistic-republican,roman",Punta della Carpinina
16.1514,40.8548,ACHRLM,"archaic,classical,hellenistic-republican,roman,late-antique,mediaeval-byzantine",Monte Serico
15.3351,41.5081,CHRLMM,"classical,hellenistic-republican,roman,late-antique,mediaeval-byzantine,modern",Luceria/Noukeria (Apoulon)
14.9894,40.3506,CHRLM,"classical,hellenistic-republican,roman,late-antique,mediaeval-byzantine",Agropoli
12.7653,41.4089,HRM,"hellenistic-republican,roman,mediaeval-byzantine",Astura
26.201,39.2657,C,classical,Ntantania
25.9525,39.2041,A,archaic,Megalos Lakkos
25.8778,39.2245,R,roman,Mantra
26.0663,39.0952,ACH,"archaic,classical,hellenistic-republican",Makara
25.8671,39.1773,AHR,"archaic,hellenistic-republican,roman",Lesbas
26.0569,39.1436,R,roman,Lapedia
26.0873,39.3012,ACH,"archaic,classical,hellenistic-republican",Koutlougouni
25.9809,39.2221,AC,"archaic,classical",Kourouklos
26.1002,39.2917,ACH,"archaic,classical,hellenistic-republican",Koja Dag
26.0425,39.2069,AC,"archaic,classical",Khydera
26.1147,39.3042,H,hellenistic-republican,Kastrelli
26.1132,38.4284,CHR,"classical,hellenistic-republican,roman",Kastelli
25.9568,39.1148,R,roman,Kampos Krousos
26.296,39.1737,CH,"classical,hellenistic-republican",Kalogera
26.1798,39.3409,C,classical,Kabaki
26.9697,36.9507,CHR,"classical,hellenistic-republican,roman",Perakastro
25.2566,37.1145,CH,"classical,hellenistic-republican",Palaiopyrgos
27.3832,36.4231,CH,"classical,hellenistic-republican",Livadia
26.3059,37.6517,AC,"archaic,classical",Kataphydion
25.2914,37.1394,A,archaic,Kargadousa
26.9977,36.9898,CHRL,"classical,hellenistic-republican,roman,late-antique",Embolas
25.3847,37.1083,L,late-antique,Aplomata
26.6691,37.7188,ACHR,"archaic,classical,hellenistic-republican,roman",Ag. Ioannis
71.6859,34.7619,HR,"hellenistic-republican,roman",Massaka
72.8035,34.7526,H,hellenistic-republican,Aornos
31.8,26.5667,RL,"roman,late-antique",Thmoo
30.8833,27.9333,L,late-antique,‘Poisarietemidos’
31.432,27.0154,RL,"roman,late-antique",Muthis
31.1491,27.2658,RL,"roman,late-antique",Isiu
34.9845,29.7649,HR,"hellenistic-republican,roman",Qasr Timnah
35.4986,29.988,HR,"hellenistic-republican,roman",Khirbet Naqb el-Shtar
35.546,29.9754,HRL,"hellenistic-republican,roman,late-antique",Khirbet el-Qirana
35.1449,29.5541,RL,"roman,late-antique",Khirbet el-Kithara
35.4345,30.1283,HR,"hellenistic-republican,roman",Khirbet ein Mudilija
35.4799,30.1234,RL,"roman,late-antique",Khirbet Dor
35.061,29.889,RL,"roman,late-antique",(B)Ossia/Ad Dianam?
35.3481,29.9532,HRL,"hellenistic-republican,roman,late-antique",Auara
35.2034,30.0865,RL,"roman,late-antique",Arieldela
35.1747,29.7868,HR,"hellenistic-republican,roman",Ain Hejfeh
31.3021,29.7287,RL,"roman,late-antique",Skenai Mandrai
30.2832,29.0665,RL,"roman,late-antique",Ain el-Rayan el-Wastaniya
30.3283,29.0902,R,roman,Ain el-Rayan el-Bahariya
32.6001,31.0499,OMN1ACAAHHPRRRRTLLPCAFM,"old-kingdom-egypt,middle-kingdom-egypt,new-kingdom-egypt,1200-bc-middle-east,archaic,classical,achaemenid-middle-east,achaemenid-roman-republic-middle-east,hellenistic-middle-east,hellenistic-republican,ptolemaic-roman-egypt,roman-middle-east,roman-early",Pelusium
31.2303,30.0061,OFMN1HHPRRRTLLCASFIME1OLKOM,"old-kingdom-egypt,first-intermediate-period-egypt,middle-kingdom-egypt,new-kingdom-egypt,1200-bc-middle-east,hellenistic-middle-east,hellenistic-republican,ptolemaic-roman-egypt,roman-middle-east,roman-early-empire-parthian-middle-east,roman,transition-r",Babylon
29.1833,30.7499,HR,"hellenistic-republican,roman",Khashm el-Eish
24.8329,31.2882,RL,"roman,late-antique",Gasr el-Abid
35.8633,30.9076,RL,"roman,late-antique",Umm Ubtulah
35.4067,30.8432,HRL,"hellenistic-republican,roman,late-antique",Toloha
35.752,30.9113,R,roman,Rujm el-Farideyyeh
35.8665,31.229,RL,"roman,late-antique",Rujm Beni Yasser
36.7346,31.8047,R,roman,Qasr el-'Uweinid
35.4791,30.2644,RL,"roman,late-antique",Qasr Tuliyeh
35.9896,31.422,L,late-antique,Qasr eth-Thuraiya
36.328,32.093,RL,"roman,late-antique",Qasr el-Hallabat
36.6739,30.7625,R,roman,Qasr Bayir
36.9528,31.9456,RL,"roman,late-antique",Qasr el-Aseikhin
35.883,31.1151,L,late-antique,Qasr Abu Rukba
35.4423,30.9441,RL,"roman,late-antique",Praesidium
35.7804,30.227,L,late-antique,el-Mutrab
35.85,31.4595,RM,"roman,modern-middle-east",Lehun
35.9733,31.5787,L,late-antique,Khirbet ez-Zona
35.7197,31.7902,RL,"roman,late-antique",Khirbet el-Muhatta
35.8681,30.6877,RL,"roman,late-antique",Jurf ed-Darawish
36.1324,32.09,RL,"roman,late-antique",Gadda?
35.7971,30.5817,L,late-antique,Da'janiya
35.9812,31.3373,L,late-antique,Castra Praetorii Mobeni
35.9201,31.5004,RLM,"roman,late-antique,modern",Castra Mefaa
35.8685,31.237,L,late-antique,Betthorus
36.8274,31.8803,RL,"roman,late-antique",Basienis
35.5155,30.2258,RL,"roman,late-antique",Ail
35.5957,30.3292,RL,"roman,late-antique",Adrou/Augustopolis
35.5482,30.2912,RL,"roman,late-antique",Abu Danna
-0.3649,48.2156,LM,"late-antique,modern",St-Gemmes-le-Robert
-2.1761,49.721,L,late-antique,The Nunnery
35.2397,31.2507,L,late-antique,Zohar
34.7473,31.4275,RL,"roman,late-antique",Sobila?
35.4528,32.0857,HR,"hellenistic-republican,roman",Sartaba/Alexandreion
35.1257,30.907,R,roman,Rogem Zafir
35.2736,30.3319,RL,"roman,late-antique",Qasr Taiyibeh
35.1836,31.0591,L,late-antique,Mezad Zafit
35.098,30.9332,R,roman,Mezad Zafir
35.2301,31.0374,L,late-antique,Mezad Thamar
34.9238,30.7006,HR,"hellenistic-republican,roman",Mezad Ma'ale Mahmal
35.3538,31.3171,HRL,"hellenistic-republican,roman,late-antique",Masada
35.3489,31.833,RL,"roman,late-antique",Maledomnei
35.4241,31.8408,HR,"hellenistic-republican,roman",Kypros/Threx?
35.1122,30.9196,RL,"roman,late-antique",Horvat Zafir
35.4154,31.8708,HL,"hellenistic-republican,late-antique",Douka
34.5371,31.2604,RL,"roman,late-antique",Birsama
34.9712,31.162,R,roman,Aro'er
37.2209,33.915,RL,"roman,late-antique",Vallis Alba
36.9739,33.7535,RL,"roman,late-antique",‘Valle Diocletiana’
36.5581,32.8968,RL,"roman,late-antique",Umm ez-Zeitun
36.5884,32.3224,R,roman,Umm el-Quttein
36.229,32.27,RL,"roman,late-antique",Thantia/Thainatha
36.698,33.108,R,roman,Tell Asfar
35.5285,32.4057,HRL,"hellenistic-republican,roman,late-antique",Salem/Salumias
37.6639,33.7832,R,roman,Saba Biyar
36.3388,32.3714,R,roman,Qasr el-Ba'iq
37.2543,33.0193,R,roman,Qasr el-Abyad
37.9277,32.6107,RL,"roman,late-antique",Qasr Burqu'
37.2831,34.0188,RL,"roman,late-antique",Oneuatha/*Anabatha
37.2528,32.8671,R,roman,Nemara
37.9439,33.3199,R,roman,Merfiye es-Smeir
35.4399,32.3578,R,roman,el Mekhobi
4.6262,48.7462,L,late-antique,Victuriacus
-4.0818,52.4008,I,iron-age-britain,Pen Dinas hill fort
-4.2993,52.0611,I,iron-age-britain,Pencoedfoel
-3.9333,52.3333,R,roman,Trawscoed fort
8.3225,44.1944,LM,"late-antique,mediaeval-byzantine",San Antonino di Perti
9.3617,36.5237,HRLM,"hellenistic-republican,roman,late-antique,mediaeval-byzantine",Thignica
9.1846,36.3449,L,late-antique,Thac(...)
9.4344,36.3965,RL,"roman,late-antique",Ksar-Hellal
9.2441,36.6657,R,roman,Henchir-Smala
8.6446,36.4758,RL,"roman,late-antique",Bordj-Hellal
10.0964,36.9055,R,roman,Ad Gall(inaci)um?
6.9612,36.033,RL,"roman,late-antique",Unnd
6.4284,36.8577,RL,"roman,late-antique",Unnd
4.9307,36.5061,RL,"roman,late-antique",Unnd
4.4539,36.6928,RL,"roman,late-antique",Unnd
5.6971,36.4726,RL,"roman,late-antique",el Ksar
-1.0095,53.4275,LM,"late-antique,modern",Bawtry Roman fort
9.2621,41.6479,32,"3rd-millennium-bc,2nd-millenium-bce",Araghju
-4.6668,50.363,ILM,"iron-age-britain,late-antique,mediaeval-byzantine",Castle Dore
8.2132,34.2871,RL,"roman,late-antique",Unnamed Fort
-3.9734,43.1765,R,roman,Aracelium/Aracillum
29.0366,45.0869,RL,"roman,late-antique",Salsovia
34.1283,44.4307,HRL,"hellenistic-republican,roman,late-antique",Charax
24.0,43.6909,RL,"roman,late-antique",Variana
24.2964,43.6605,RL,"roman,late-antique",Valeriana
25.0533,43.9585,R,roman,Valea Urluii
24.7282,43.6417,RL,"roman,late-antique",Utus
24.7788,44.4814,R,roman,Urluieni
28.1951,45.1432,RL,"roman,late-antique",Troesmis
25.8311,43.708,RL,"roman,late-antique",Trimammium
28.2342,45.0325,RL,"roman,late-antique",Traian
28.6939,44.974,L,late-antique,Topraichioi
28.0448,44.5445,RL,"roman,late-antique",Topalu
24.4385,45.4152,R,roman,Titeşti
25.8739,44.9132,R,roman,Tîrgşor
24.6371,43.8611,R,roman,Tia Mare
28.9169,45.1499,RL,"roman,late-antique",Thalamonium
27.0634,44.093,RL,"roman,late-antique",Tegulitium
26.0823,43.9207,RL,"roman,late-antique",Tegris
27.5413,44.1655,RL,"roman,late-antique",Sucidava
24.4851,43.7624,RL,"roman,late-antique",Sucidava
24.5118,44.0928,R,roman,Slăveni
24.8344,43.7026,RL,"roman,late-antique",Securisca
25.0124,46.5619,R,roman,Sărăţeni
24.9943,44.1115,R,roman,Roşiorii de Vede
24.4887,45.285,,,Rădăcineşti
28.326,45.2868,RL,"roman,late-antique",Rachelu
25.1761,45.3893,R,roman,Răcar
24.9666,43.8999,R,roman,Putineiu
24.2964,45.4345,R,roman,Praetorium
26.3998,44.303,H,hellenistic-republican,Popeşti
24.3063,45.4963,R,roman,Pons Vetus
24.2313,44.8738,R,roman,Pons Aluti
27.8365,44.7271,RL,"roman,late-antique",Piua Pietrei
26.8598,44.5985,H,hellenistic-republican,Piscul Crăsanilor
27.25,45.9833,R,roman,Piroboridava
26.5668,45.1001,RL,"roman,late-antique",Pietroasa de Jos
28.1997,45.1179,R,roman,Piatra Roşie
24.3549,43.663,L,late-antique,Pedonianis
28.1512,45.0167,RL,"roman,late-antique",Peceneaga
28.5695,44.2572,RL,"roman,late-antique",Ovidiu
27.3692,44.1065,RL,"roman,late-antique",Ostrov
24.5002,47.1335,R,roman,Orheiu Bistriţei
25.8488,45.9741,R,roman,Olteni
25.3012,46.3131,RL,"roman,late-antique",Odorheiu Secuiesc
26.466,43.991,L,late-antique,Nova Černa
26.8483,44.0634,RL,"roman,late-antique",Nigrinianis/Candidiana
26.0001,45.1278,R,roman,Mălăieşti
28.5915,44.8545,L,late-antique,(L)Ibida
28.1501,45.3,RL,"roman,late-antique",Jijila
25.0285,45.2638,R,roman,Jidava
24.7501,43.7333,R,roman,Izlaz
28.8364,45.3517,R,roman,Ismail
25.1116,46.4311,R,roman,Inlăceni
25.2842,46.0417,R,roman,Homorod
25.3,45.9834,R,roman,Hoghiz
28.7748,44.5476,CHRL,"classical,hellenistic-republican,roman,late-antique",Histria
24.918,44.1715,R,roman,Gresia
23.7062,42.6939,RL,"roman,late-antique",Gorna Malina
23.8397,43.319,R,roman,Gorna Bešovitsa
28.0339,44.6385,RL,"roman,late-antique",Ghindăreşti
25.0401,43.7013,R,roman,Flămînda
27.9483,44.2482,RL,"roman,late-antique",Flaviana
24.7604,44.6122,R,roman,Fîlfani
25.5916,45.8164,R,roman,Feldioara
27.7899,44.2104,RL,"roman,late-antique",Dunăreni
28.1226,44.44,RL,"roman,late-antique",Dunărea
26.0746,45.2546,R,roman,Drajna de Sus
28.1818,45.3782,RL,"roman,late-antique",Dinogetia
27.4498,44.1332,RL,"roman,late-antique",Dervent
28.1343,44.8532,RL,"roman,late-antique",Dăeni
24.7438,44.3035,R,roman,Crîmpoaia/Ghioca
24.4836,46.5,R,roman,Cristeşti
24.3163,45.3988,R,roman,Copăceni
25.4617,45.6008,R,roman,Comidava
27.999,44.2789,RL,"roman,late-antique",Cochirleni
26.2639,45.4485,H,hellenistic-republican,Cîrlomăneşti
24.8332,45.8376,R,roman,Cincşor
28.0935,44.7779,RL,"roman,late-antique",Cius
24.1568,45.7812,R,roman,Cedonia
28.7585,45.1732,RL,"roman,late-antique",Căşla
24.3771,45.2091,R,roman,Castra Traiana
27.9518,44.6817,RL,"roman,late-antique",Carsium
28.1501,45.1836,L,late-antique,Carcaliu
24.2577,45.633,R,roman,Caput Stenarum
27.5299,44.1241,RL,"roman,late-antique",Canlia
24.8773,46.629,R,roman,Călugăreni
24.3607,45.1059,R,roman,Buridava
27.4312,44.0981,RL,"roman,late-antique",Bugeac
24.7665,46.8663,R,roman,Brîncoveneşti
-3.4151,51.9643,I,iron-age-britain,Pen-y-crug
-2.3682,55.4063,I,iron-age-britain,Woden Law hill fort
41.5048,42.6313,HRL,"hellenistic-republican,roman,late-antique",Zigan(n)e/Siganeon
39.6675,40.2846,CL,"classical,late-antique",Yurtlar Dere
41.2949,43.029,L,late-antique,Tzibile
39.4273,40.5026,L,late-antique,Tzantzakon/Tzanicha
41.7454,41.7506,CHRL,"classical,hellenistic-republican,roman,late-antique",Tsikhisdziri/Petra Pia Iustiniana
40.2569,43.3144,RL,"roman,late-antique",(Sten)Nitike
35.8101,40.3498,H,hellenistic-republican,Skotios
40.2249,40.2552,HRL,"hellenistic-republican,roman,late-antique",Sinoria/Baiberdon
39.6329,40.4955,L,late-antique,Schamalinichon?
35.3391,41.078,HR,"hellenistic-republican,roman",Sagylion
41.2687,40.5566,L,late-antique,Pharangion
41.7202,42.1912,RL,"roman,late-antique",Patara Poti
40.3417,43.1846,RL,"roman,late-antique",Odynetz
29.4222,36.5525,CHRLC,"classical,hellenistic-republican,roman,late-antique,crusader-ottoman-levant",Tlos
38.37,39.4191,RL,"roman,late-antique",Zimara
38.7721,39.0076,R,roman,Zabulbar
38.4961,39.2505,R,roman,Vereuso?
38.6917,38.441,HRL,"hellenistic-republican,roman,late-antique",Tomisa
37.4621,38.3106,R,roman,Söğütlü Dere
37.017,38.7433,L,late-antique,Osmandede
38.019,39.2847,A,archaic,Odur Kalesi
38.6318,38.4324,RL,"roman,late-antique",Meydancık
38.4214,38.737,RL,"roman,late-antique",Malyan
38.8907,39.8587,RL,"roman,late-antique",Kurtlu Tepe
36.3027,38.3332,L,late-antique,Külek Dağ
37.5564,38.5038,L,late-antique,Kötükale
38.7286,38.8929,RL,"roman,late-antique",Korpinik Hüyük
38.9533,38.2942,RL,"roman,late-antique",Korne
36.982,38.4592,L,late-antique,Kızoğlan Kalesi
38.5041,39.2694,ARL,"archaic,roman,late-antique",Kız Kalesi
38.8156,38.2316,L,late-antique,Kerar Kale
38.5049,39.2362,L,late-antique,Kemaliye
36.8999,39.3543,L,late-antique,Kantariz Kalesi
38.733,38.3907,L,late-antique,Kale
38.6525,38.9372,RL,"roman,late-antique",Hastek Kale
38.3753,38.3991,RL,"roman,late-antique",Dulluk Tepe
36.2176,38.7264,RL,"roman,late-antique",Dasmenda?
38.7333,38.9379,RL,"roman,late-antique",Dascusa
38.609,39.1598,RL,"roman,late-antique",Aşutka
38.3422,39.2943,RL,"roman,late-antique",Arege
38.582,39.5282,RL,"roman,late-antique",Analib(l)a
38.6883,38.4109,AHRL,"archaic,hellenistic-republican,roman,late-antique",Ad Aras
32.4979,40.2177,HR,"hellenistic-republican,roman",Bloukion
21.1419,37.8903,CHRM,"classical,hellenistic-republican,roman,mediaeval-byzantine",Hormina? M.
21.7073,37.4592,CH,"classical,hellenistic-republican",Chaa?
22.2589,37.2773,CHR,"classical,hellenistic-republican,roman",Athenaion
22.8736,37.892,ACHRLM,"archaic,classical,hellenistic-republican,roman,late-antique,mediaeval-byzantine",Akrokorinthos
24.3062,37.6129,C,classical,Ag. Marina
25.9014,39.2198,R,roman,Sta Oikia
26.152,39.2784,A,archaic,Skoteino
26.5287,39.0492,CHRL,"classical,hellenistic-republican,roman,late-antique",Skala ton Loutron
26.1374,39.3127,A,archaic,Selles
27.1508,38.5338,H,hellenistic-republican,Sancaklı Kalesi
26.0934,39.2685,A,archaic,Phonias
27.8948,38.2823,AC,"archaic,classical",Person Exedra
8.8593,45.7288,RL,"roman,late-antique",Sibrium
8.7973,45.122,RL,"roman,late-antique",Laumellum
22.1614,32.5971,L,late-antique,Unnd
22.0107,32.5207,L,late-antique,Unnd
21.9559,32.5225,L,late-antique,Unnd
18.4667,30.5499,RL,"roman,late-antique",Tugulus
19.7578,30.4083,L,late-antique,Gasr el-Atallat
18.7606,30.3485,R,roman,Bir Umm el-Garanigh
-2.1937,50.6245,I,iron-age-britain,Flower's Barrow
-1.1012,51.3631,I,iron-age-britain,The Frith
-1.0381,51.3217,I,iron-age-britain,Bullsdown Camp
-1.3145,51.3086,I,iron-age-britain,Ladle Hill Iron Age Fort
4.2271,43.7949,ACHRM,"archaic,classical,hellenistic-republican,roman,modern",Les Castels
3.3471,43.5683,L,late-antique,Capraria
23.8358,38.2095,CH,"classical,hellenistic-republican",Unnd
28.3621,41.341,L,late-antique,Unnd
28.3787,41.4053,L,late-antique,Unnd
28.3799,41.4251,L,late-antique,Unnd
28.3286,41.2936,L,late-antique,Unnd
28.3438,41.3117,L,late-antique,Unnd
12.4667,41.8833,RM,"roman,modern",Janiculum
5.1166,36.0364,RL,"roman,late-antique",Castellum Vartan(...)
61.4906,32.4527,1AAAHHHRRLLCASKIMT1SLM,"1200-bc-middle-east,achaemenid-middle-east,achaemenid-central-asia,achaemenid-roman-republic-middle-east,hellenistic-middle-east,hellenistic-central-asia,hellenistic-republican,roman-early-empire-parthian-middle-east,roman,late-antique,late-antique-sasan",Phra(da)/Prophthasia/Frakh-kar-Peroz
39.8822,29.8032,RL,"roman,late-antique",Dumatha
1.6514,36.2319,R,roman,Tigava Castra
3.718,36.6845,R,roman,Taksebt des Ouled Said
3.4218,36.1364,RL,"roman,late-antique",Rapidum
3.9816,36.6921,R,roman,el Ksar mta Bent es Soltane
3.8278,36.8614,R,roman,Haouch el Oudjani
1.6595,36.4111,R,roman,Castra Germanorum
3.6657,36.2922,R,roman,Ain Bessem
1.0369,35.0047,R,roman,Tourhzout
1.4725,35.147,R,roman,Temordjanet
-1.7271,34.8454,RL,"roman,late-antique",Numerus Syrorum
-0.1042,34.9506,R,roman,Lucu
1.2988,35.0708,R,roman,Koudiat Sidi ben Beha
0.5761,34.0609,R,roman,el Khadra
2.3884,35.9075,R,roman,Derrag
0.6201,35.0874,R,roman,Cohors Breucorum/Kaputurbe
1.1,35.0168,RL,"roman,late-antique",Cen(..)?
1.0151,33.6896,R,roman,el Bayadh
1.9667,35.6667,RL,"roman,late-antique",Ain Toukria
1.8111,35.6104,R,roman,Ain Tissemsil
-0.2298,35.0212,R,roman,Ain Smir
0.4703,34.9858,R,roman,Ain Balloul
-5.5203,33.9981,R,roman,Unnd
-5.5811,34.0381,R,roman,Tocolosida
-6.4908,34.3348,R,roman,Thamusida
-5.9816,35.3337,RL,"roman,late-antique",Tabernae
-5.9235,33.0462,R,roman,Sidi Hassine
-5.6202,34.184,R,roman,Sidi Embarek
-5.6329,33.9304,R,roman,Sidi Amar ben Azouz
-6.8849,33.9875,R,roman,Seguia Faraoun
-5.6498,34.0515,R,roman,Sedra Mehara
-6.5145,34.3159,R,roman,Sebaa Rjel
-5.7583,35.7283,RL,"roman,late-antique",el Rhorba
-5.8557,35.695,RL,"roman,late-antique",Mestroila
-6.5684,34.2764,R,roman,Lalla Aicha
-5.9377,34.8432,R,roman,Koudia Fergana
-5.843,34.29,HR,"hellenistic-republican,roman",Koudia bou Mimoun
-5.7353,34.0451,R,roman,Koudia Aicha
-5.7,34.21,R,roman,Jebel bou Draa
-5.8524,35.5799,RL,"roman,late-antique",Hjar Zerbotta
-5.7681,35.7746,RL,"roman,late-antique",Gandori
-6.15,34.96,RL,"roman,late-antique",Frigidae
-6.4909,34.3348,R,roman,Fghaina
-6.7934,33.9464,R,roman,Dar Dqios
-5.9618,34.1881,R,roman,Dar bel Amri
-5.8447,35.5725,RL,"roman,late-antique",Briej
-5.754,34.0596,R,roman,Bou Rebaa
-5.63,33.96,R,roman,Lalla Sfia
-5.83,35.73,RL,"roman,late-antique",Beni Said
-5.6902,35.6523,RL,"roman,late-antique",el Benian
-5.5076,34.111,R,roman,Ain Schkour
-6.7524,33.9917,R,roman,Ain el Hajaj
-5.83,35.66,R,roman,Ain Dalia
